<?xml version="1.0" encoding="UTF-8"?>
<record_update table="sys_security_acl_role">
<sys_security_acl_role action="INSERT_OR_UPDATE">
<sys_class_name>sys_security_acl_role</sys_class_name>
<sys_created_by>admin</sys_created_by>
<sys_created_on>2020-02-23 07:18:29</sys_created_on>
<sys_id>205286831b0f4010fea3117c0a4bcb6b</sys_id>
<sys_mod_count>0</sys_mod_count>
<sys_name>.nobody</sys_name>
<sys_package display_value="Hiring Feedback" source="sn_hiring_feedback">817f729837831300a128036973990e47</sys_package>
<sys_policy/>
<sys_scope display_value="Hiring Feedback">817f729837831300a128036973990e47</sys_scope>
<sys_security_acl display_value="sn_hackerrank_tests">b64246831b0f4010fea3117c0a4bcbaa</sys_security_acl>
<sys_update_name>sys_security_acl_role_205286831b0f4010fea3117c0a4bcb6b</sys_update_name>
<sys_updated_by>admin</sys_updated_by>
<sys_updated_on>2020-02-23 07:18:29</sys_updated_on>
<sys_user_role display_value="nobody" name="nobody">b05940500a0a0aa70090a4893f6ff35d</sys_user_role>
<transaction_id/>
</sys_security_acl_role>
</record_update>
