<?xml version="1.0" encoding="UTF-8"?>
<record_update table="sys_ui_action_role">
  <sys_ui_action_role action="INSERT_OR_UPDATE">
    <sys_class_name>sys_ui_action_role</sys_class_name>
    <sys_created_by>admin</sys_created_by>
    <sys_created_on>2020-02-04 10:17:25</sys_created_on>
    <sys_id>0fe4f84573f6c0107e88ef66fbf6a75d</sys_id>
    <sys_mod_count>1</sys_mod_count>
    <sys_name>Sync.sn_hiring_feedback.manager</sys_name>
    <sys_package display_value="HackerRank Integration" source="sn_hackerrank">43e1274f732a00107e88ef66fbf6a745</sys_package>
    <sys_policy/>
    <sys_scope display_value="HackerRank Integration">43e1274f732a00107e88ef66fbf6a745</sys_scope>
    <sys_ui_action display_value="Sync">aae4b84573f6c0107e88ef66fbf6a7c8</sys_ui_action>
    <sys_update_name>sys_ui_action_role_0fe4f84573f6c0107e88ef66fbf6a75d</sys_update_name>
    <sys_updated_by>admin</sys_updated_by>
    <sys_updated_on>2020-02-05 08:30:38</sys_updated_on>
    <sys_user_role display_value="sn_hiring_feedback.manager" name="sn_hiring_feedback.manager">728ac0480fbb23007e1763cda8767edd</sys_user_role>
  </sys_ui_action_role>
</record_update>
