<?xml version="1.0" encoding="UTF-8"?>
<record_update sys_domain="global" table="sys_ui_action">
  <sys_ui_action action="INSERT_OR_UPDATE">
    <action_name>Map HackerRank Reports</action_name>
    <active>true</active>
    <client>false</client>
    <client_script_v2><![CDATA[function onClick(g_form) {

}]]></client_script_v2>
    <comments/>
    <condition/>
    <form_action>true</form_action>
    <form_button>true</form_button>
    <form_button_v2>false</form_button_v2>
    <form_context_menu>false</form_context_menu>
    <form_link>false</form_link>
    <form_menu_button_v2>false</form_menu_button_v2>
    <form_style/>
    <hint/>
    <isolate_script>false</isolate_script>
    <list_action>false</list_action>
    <list_banner_button>false</list_banner_button>
    <list_button>false</list_button>
    <list_choice>false</list_choice>
    <list_context_menu>false</list_context_menu>
    <list_link>false</list_link>
    <list_save_with_form_button>false</list_save_with_form_button>
    <list_style/>
    <name>Map HackerRank Reports</name>
    <onclick/>
    <order>10</order>
    <script><![CDATA[var event = current.getUniqueValue();
var eventReportsGr = new GlideRecord('sn_hiring_feedback_event_reports');
eventReportsGr.addQuery('event', event);
eventReportsGr.addQuery('status', 'In Progress');
eventReportsGr.query();
if (eventReportsGr.hasNext()) {
    gs.addInfoMessage('Action already in progress');
} else {
    eventReportsGr.initialize();
    eventReportsGr.setValue('event', event);
    eventReportsGr.insert();
    var scheduledJObSysid = '608d8453730744107e88ef66fbf6a7ce';
    var ScheduledJobs = new GlideRecord('sysauto_script');
    ScheduledJobs.get(scheduledJObSysid);
    gs.executeNow(ScheduledJobs);
    gs.addInfoMessage('Mapping Started');
}
action.setRedirectURL(current);]]></script>
    <show_insert>false</show_insert>
    <show_multiple_update>false</show_multiple_update>
    <show_query>false</show_query>
    <show_update>true</show_update>
    <sys_class_name>sys_ui_action</sys_class_name>
    <sys_created_by>admin</sys_created_by>
    <sys_created_on>2020-01-29 14:43:00</sys_created_on>
    <sys_domain>global</sys_domain>
    <sys_domain_path>/</sys_domain_path>
    <sys_id>8ca57e4f73e600107e88ef66fbf6a798</sys_id>
    <sys_mod_count>34</sys_mod_count>
    <sys_name>Map HackerRank Reports</sys_name>
    <sys_overrides/>
    <sys_package display_value="Hiring Feedback" source="sn_hiring_feedback">817f729837831300a128036973990e47</sys_package>
    <sys_policy/>
    <sys_scope display_value="Hiring Feedback">817f729837831300a128036973990e47</sys_scope>
    <sys_update_name>sys_ui_action_8ca57e4f73e600107e88ef66fbf6a798</sys_update_name>
    <sys_updated_by>admin</sys_updated_by>
    <sys_updated_on>2020-02-24 15:40:52</sys_updated_on>
    <table>sn_hiring_feedback_event</table>
    <ui11_compatible>true</ui11_compatible>
    <ui16_compatible>false</ui16_compatible>
  </sys_ui_action>
</record_update>
