<?xml version="1.0" encoding="UTF-8"?>
<record_update table="sys_security_acl_role">
<sys_security_acl_role action="INSERT_OR_UPDATE">
<sys_class_name>sys_security_acl_role</sys_class_name>
<sys_created_by>vamsikrishna.badri@snc</sys_created_by>
<sys_created_on>2020-02-23 11:32:02</sys_created_on>
<sys_id>fa1c3acf1bc3001027aeec61ec4bcb25</sys_id>
<sys_mod_count>0</sys_mod_count>
<sys_name>sn_hackerrank_tests.sn_hiring_feedback.manager</sys_name>
<sys_package display_value="Hiring Feedback" source="sn_hiring_feedback">817f729837831300a128036973990e47</sys_package>
<sys_policy/>
<sys_scope display_value="Hiring Feedback">817f729837831300a128036973990e47</sys_scope>
<sys_security_acl display_value="sn_hackerrank_tests">ca0202831b0f4010fea3117c0a4bcbed</sys_security_acl>
<sys_update_name>sys_security_acl_role_fa1c3acf1bc3001027aeec61ec4bcb25</sys_update_name>
<sys_updated_by>vamsikrishna.badri@snc</sys_updated_by>
<sys_updated_on>2020-02-23 11:32:02</sys_updated_on>
<sys_user_role display_value="sn_hiring_feedback.manager" name="sn_hiring_feedback.manager">728ac0480fbb23007e1763cda8767edd</sys_user_role>
<transaction_id/>
</sys_security_acl_role>
</record_update>
