<?xml version="1.0" encoding="UTF-8"?>
<record_update sys_domain="global" table="sysevent_email_action">
  <sysevent_email_action action="INSERT_OR_UPDATE">
    <action_insert>false</action_insert>
    <action_update>false</action_update>
    <active>true</active>
    <advanced_condition/>
    <affected_field_on_event/>
    <category display_value="Uncategorized" name="Uncategorized">c97d83137f4432005f58108c3ffa917a</category>
    <collection>sn_hiring_feedback_event</collection>
    <condition/>
    <content_type>text/html</content_type>
    <default_interval/>
    <description/>
    <digest_from/>
    <digest_html><![CDATA[<p>Name: ${name}</p>
<p>&nbsp;</p>]]></digest_html>
    <digest_reply_to/>
    <digest_separator_html><![CDATA[<p>&nbsp;</p>
<hr />
<p>&nbsp;</p>]]></digest_separator_html>
    <digest_separator_text><![CDATA[\n--------------------------------------------------------------------------------\n]]></digest_separator_text>
    <digest_subject/>
    <digest_template/>
    <digest_text/>
    <digestable>false</digestable>
    <event_name>sn_hiring_feedback.ReportsDownloaded</event_name>
    <event_parm_1>true</event_parm_1>
    <event_parm_2>false</event_parm_2>
    <exclude_delegates>false</exclude_delegates>
    <force_delivery>false</force_delivery>
    <from/>
    <generation_type>event</generation_type>
    <importance/>
    <include_attachments>false</include_attachments>
    <item>event.parm1</item>
    <item_table/>
    <mandatory>false</mandatory>
    <message/>
    <message_html><![CDATA[<p>Hi,</p>
<p>The HackerRank reports for candidates in event ${name} have been downloaded.</p>
<p>${mail_script:print_failed_candidates}</p>
<p>${mail_script:set_from_to_hrteam}</p>]]></message_html>
    <message_list/>
    <message_text/>
    <name>notifyRecruiterOfReportsDownloaded</name>
    <omit_watermark>false</omit_watermark>
    <order>100</order>
    <push_message_only>false</push_message_only>
    <recipient_fields/>
    <recipient_groups/>
    <recipient_users/>
    <reply_to/>
    <send_self>true</send_self>
    <sms_alternate/>
    <style/>
    <subject>HackerRank reports for candidates in event ${name} have been downloaded</subject>
    <subscribable>false</subscribable>
    <sys_class_name>sysevent_email_action</sys_class_name>
    <sys_created_by>admin</sys_created_by>
    <sys_created_on>2020-02-23 06:05:08</sys_created_on>
    <sys_domain>global</sys_domain>
    <sys_domain_path>/</sys_domain_path>
    <sys_id>e8c0b9c3738780107e88ef66fbf6a78e</sys_id>
    <sys_mod_count>2</sys_mod_count>
    <sys_name>notifyRecruiterOfReportsDownloaded</sys_name>
    <sys_overrides/>
    <sys_package display_value="Hiring Feedback" source="sn_hiring_feedback">817f729837831300a128036973990e47</sys_package>
    <sys_policy/>
    <sys_scope display_value="Hiring Feedback">817f729837831300a128036973990e47</sys_scope>
    <sys_update_name>sysevent_email_action_e8c0b9c3738780107e88ef66fbf6a78e</sys_update_name>
    <sys_updated_by>admin</sys_updated_by>
    <sys_updated_on>2020-02-23 06:14:44</sys_updated_on>
    <sys_version>2</sys_version>
    <template display_value="Unsubscribe and Preferences">7ed0481f3b0b2200c869c2c703efc487</template>
    <type>email</type>
    <weight>0</weight>
  </sysevent_email_action>
</record_update>
