<?xml version="1.0" encoding="UTF-8"?><record_update table="content_block_programmatic">
  <content_block_programmatic action="INSERT_OR_UPDATE">
    <active>true</active>
    <category>general</category>
    <condition/>
    <conditional>false</conditional>
    <frame/>
    <logged_on>false</logged_on>
    <name>Event Filter</name>
    <programmatic_content><![CDATA[<?xml version="1.0" encoding="utf-8" ?>
<j:jelly trim="false" xmlns:j="jelly:core" xmlns:g="glide" xmlns:j2="null" xmlns:g2="null">
	<g:evaluate var="jvar_eventtypes" object="true" jelly="true">
		var data = {};
		data.events=[];
		var gr= new GlideRecord('sn_hiring_feedback_event');
		gr.query();
		while(gr.next()){
			data.events.push([gr.getValue('name')]);
		}
		data;
		
	</g:evaluate>

	<select id='filter_event_type' class='select2-search' onchange='filterEventType()'>
		<option value="">All</option>
		<j:forEach var="jvar_eventtype" items="${jvar_eventtypes.events}">
			<option value="${jvar_eventtype[0]}">${jvar_eventtype[0]}</option>       
		</j:forEach>
	</select> 	

	<script>
		var dbh = new DashboardMessageHandler("filter_event_type");
		function filterEventType(){
			var eventType = $j('#filter_event_type').val();
			if (eventType){
				//dbh.publishFilter('sn_hiring_feedback_interview', 'job.event.name=' + eventType.trim());
				dbh.publishFilter('sn_hiring_feedback_job', 'event.name=' + eventType.trim());
			}	
			else
				dbh.removeFilter();
		}
		filterEventType();
	</script>
	
</j:jelly>
]]></programmatic_content>
    <sys_class_name>content_block_programmatic</sys_class_name>
    <sys_created_by>admin</sys_created_by>
    <sys_created_on>2019-03-14 08:56:35</sys_created_on>
    <sys_id>cab26837534c33008feeddeeff7b12b3</sys_id>
    <sys_mod_count>26</sys_mod_count>
    <sys_name>Event Filter</sys_name>
    <sys_package display_value="Hiring Feedback" source="sn_hiring_feedback">817f729837831300a128036973990e47</sys_package>
    <sys_policy/>
    <sys_scope display_value="Hiring Feedback">817f729837831300a128036973990e47</sys_scope>
    <sys_update_name>content_block_programmatic_cab26837534c33008feeddeeff7b12b3</sys_update_name>
    <sys_updated_by>admin</sys_updated_by>
    <sys_updated_on>2019-04-12 06:01:31</sys_updated_on>
    <two_phase>false</two_phase>
  </content_block_programmatic>
</record_update>
