<?xml version="1.0" encoding="UTF-8"?><record_update table="pa_dashboards_permissions">
  <pa_dashboards_permissions action="INSERT_OR_UPDATE">
    <dashboard display_value="Hiring Feedback Dashboard">c7d0f1960f7033007e1763cda8767e0f</dashboard>
    <delete>false</delete>
    <group/>
    <identity>sn_hiring_feedback.recruiter</identity>
    <read>true</read>
    <role display_value="sn_hiring_feedback.recruiter" name="sn_hiring_feedback.recruiter">0c2a04480fbb23007e1763cda8767e9d</role>
    <sys_class_name>pa_dashboards_permissions</sys_class_name>
    <sys_created_by>admin</sys_created_by>
    <sys_created_on>2019-04-16 07:12:35</sys_created_on>
    <sys_id>39778a9a0f7033007e1763cda8767e52</sys_id>
    <sys_mod_count>0</sys_mod_count>
    <sys_name>sn_hiring_feedback.recruiter</sys_name>
    <sys_package display_value="Hiring Feedback" source="sn_hiring_feedback">817f729837831300a128036973990e47</sys_package>
    <sys_policy/>
    <sys_scope display_value="Hiring Feedback">817f729837831300a128036973990e47</sys_scope>
    <sys_update_name>pa_dashboards_permissions_39778a9a0f7033007e1763cda8767e52</sys_update_name>
    <sys_updated_by>admin</sys_updated_by>
    <sys_updated_on>2019-04-16 07:12:35</sys_updated_on>
    <type>1</type>
    <user/>
    <write>false</write>
  </pa_dashboards_permissions>
</record_update>
