<?xml version="1.0" encoding="UTF-8"?><record_update sys_domain="global" table="pa_tabs">
  <pa_tabs action="INSERT_OR_UPDATE">
    <canvas_page display_value="PA Tab">7ba6f5960f7033007e1763cda8767e6e</canvas_page>
    <name>Hiring Feedback</name>
    <page display_value="PA Tab">f3a6f5960f7033007e1763cda8767e6e</page>
    <sys_class_name>pa_tabs</sys_class_name>
    <sys_created_by>admin</sys_created_by>
    <sys_created_on>2019-04-16 05:59:16</sys_created_on>
    <sys_domain>global</sys_domain>
    <sys_domain_path>/</sys_domain_path>
    <sys_id>37a6f5960f7033007e1763cda8767e70</sys_id>
    <sys_mod_count>1</sys_mod_count>
    <sys_name>Hiring Feedback</sys_name>
    <sys_overrides/>
    <sys_package display_value="Hiring Feedback" source="sn_hiring_feedback">817f729837831300a128036973990e47</sys_package>
    <sys_policy/>
    <sys_scope display_value="Hiring Feedback">817f729837831300a128036973990e47</sys_scope>
    <sys_update_name>pa_tabs_37a6f5960f7033007e1763cda8767e70</sys_update_name>
    <sys_updated_by>admin</sys_updated_by>
    <sys_updated_on>2019-05-06 06:44:54</sys_updated_on>
  </pa_tabs>
</record_update>
