<?xml version="1.0" encoding="UTF-8"?><record_update sys_domain="global" table="pa_tabs">
  <pa_tabs action="INSERT_OR_UPDATE">
    <canvas_page display_value="PA New Tab">a192e437534c33008feeddeeff7b128b</canvas_page>
    <name>New Tab</name>
    <page display_value="PA New Tab">a592e437534c33008feeddeeff7b128a</page>
    <sys_class_name>pa_tabs</sys_class_name>
    <sys_created_by>admin</sys_created_by>
    <sys_created_on>2019-03-14 08:55:38</sys_created_on>
    <sys_domain>global</sys_domain>
    <sys_domain_path>/</sys_domain_path>
    <sys_id>ad92e437534c33008feeddeeff7b128c</sys_id>
    <sys_mod_count>0</sys_mod_count>
    <sys_name>New Tab</sys_name>
    <sys_overrides/>
    <sys_package display_value="Hiring Feedback" source="sn_hiring_feedback">817f729837831300a128036973990e47</sys_package>
    <sys_policy/>
    <sys_scope display_value="Hiring Feedback">817f729837831300a128036973990e47</sys_scope>
    <sys_update_name>pa_tabs_ad92e437534c33008feeddeeff7b128c</sys_update_name>
    <sys_updated_by>admin</sys_updated_by>
    <sys_updated_on>2019-03-14 08:55:38</sys_updated_on>
  </pa_tabs>
</record_update>
