<?xml version="1.0" encoding="UTF-8"?>
<record_update table="sys_portal_preferences">
<sys_portal_preferences action="INSERT_OR_UPDATE">
<name>show_border</name>
<portal_section display_value="8f8b79960f7033007e1763cda8767e21">8f8b79960f7033007e1763cda8767e21</portal_section>
<sys_created_by>admin</sys_created_by>
<sys_created_on>2019-04-30 10:36:16</sys_created_on>
<sys_id>0a5cbab60f4133007e1763cda8767ef1</sys_id>
<sys_mod_count>2</sys_mod_count>
<sys_updated_by>admin</sys_updated_by>
<sys_updated_on>2019-04-30 11:01:31</sys_updated_on>
<value>false</value>
</sys_portal_preferences>
</record_update>
