<?xml version="1.0" encoding="UTF-8"?><record_update sys_domain="global" table="sys_ui_action">
  <sys_ui_action action="INSERT_OR_UPDATE">
    <action_name/>
    <active>true</active>
    <client>false</client>
    <client_script_v2><![CDATA[function onClick(g_form) {

}]]></client_script_v2>
    <comments>Sends email notifications to all the members who haven't been sent a notification before.</comments>
    <condition>gs.getUser().hasRole('sn_hiring_feedback.recruiter');</condition>
    <form_action>true</form_action>
    <form_button>true</form_button>
    <form_button_v2>false</form_button_v2>
    <form_context_menu>false</form_context_menu>
    <form_link>false</form_link>
    <form_menu_button_v2>false</form_menu_button_v2>
    <form_style/>
    <hint/>
    <isolate_script>false</isolate_script>
    <keyboard_shortcut/>
    <list_action>false</list_action>
    <list_banner_button>false</list_banner_button>
    <list_button>false</list_button>
    <list_choice>false</list_choice>
    <list_context_menu>false</list_context_menu>
    <list_link>false</list_link>
    <list_save_with_form_button>false</list_save_with_form_button>
    <list_style/>
    <name>Notify New Members</name>
    <onclick/>
    <order>50</order>
    <script><![CDATA[/*
	Generates events to sends email to new members and pushes their sysIDs to Invited Members columns.
*/
var memberIDs = current.members.split(',');
var invitedMemberIDs = current.invited_members.split(',');

var userGr = new GlideRecord('sys_user');

for (var i in memberIDs) {
	// If member was already sent mail, skip event generation
	if(invitedMemberIDs.indexOf(memberIDs[i]) != -1) continue;
	
	userGr.get(memberIDs[i]);
	gs.eventQueue('sn_hiring_feedback.notify_event_members', current, userGr.email, gs.getUserID());
	
	invitedMemberIDs.push(memberIDs[i]);
}

current.invited_members = invitedMemberIDs.join(',');
current.update();
]]></script>
    <show_insert>false</show_insert>
    <show_multiple_update>false</show_multiple_update>
    <show_query>false</show_query>
    <show_update>true</show_update>
    <sys_class_name>sys_ui_action</sys_class_name>
    <sys_created_by>admin</sys_created_by>
    <sys_created_on>2019-04-05 08:53:55</sys_created_on>
    <sys_domain>global</sys_domain>
    <sys_domain_path>/</sys_domain_path>
    <sys_id>d4c4b57653a033004dc0ddeeff7b1250</sys_id>
    <sys_mod_count>5</sys_mod_count>
    <sys_name>Notify New Members</sys_name>
    <sys_overrides/>
    <sys_package display_value="Hiring Feedback" source="sn_hiring_feedback">817f729837831300a128036973990e47</sys_package>
    <sys_policy/>
    <sys_scope display_value="Hiring Feedback">817f729837831300a128036973990e47</sys_scope>
    <sys_update_name>sys_ui_action_d4c4b57653a033004dc0ddeeff7b1250</sys_update_name>
    <sys_updated_by>admin</sys_updated_by>
    <sys_updated_on>2019-04-12 09:40:58</sys_updated_on>
    <table>sn_hiring_feedback_event</table>
    <ui11_compatible>true</ui11_compatible>
    <ui16_compatible>false</ui16_compatible>
  </sys_ui_action>
</record_update>
