<?xml version="1.0" encoding="UTF-8"?><record_update table="sys_user_role">
  <sys_user_role action="INSERT_OR_UPDATE">
    <assignable_by/>
    <can_delegate>true</can_delegate>
    <description>Role for admin</description>
    <elevated_privilege>false</elevated_privilege>
    <grantable>true</grantable>
    <includes_roles/>
    <name>sn_hiring_feedback.admin</name>
    <requires_subscription>-1</requires_subscription>
    <scoped_admin>false</scoped_admin>
    <suffix>admin</suffix>
    <sys_class_name>sys_user_role</sys_class_name>
    <sys_created_by>admin</sys_created_by>
    <sys_created_on>2019-02-25 03:50:18</sys_created_on>
    <sys_id>fb79b34a0ff323007e1763cda8767e6b</sys_id>
    <sys_mod_count>1</sys_mod_count>
    <sys_name>sn_hiring_feedback.admin</sys_name>
    <sys_package display_value="Hiring Feedback" source="sn_hiring_feedback">817f729837831300a128036973990e47</sys_package>
    <sys_policy/>
    <sys_scope display_value="Hiring Feedback">817f729837831300a128036973990e47</sys_scope>
    <sys_update_name>sys_user_role_fb79b34a0ff323007e1763cda8767e6b</sys_update_name>
    <sys_updated_by>admin</sys_updated_by>
    <sys_updated_on>2019-02-25 03:50:45</sys_updated_on>
  </sys_user_role>
</record_update>
