<?xml version="1.0" encoding="UTF-8"?>
<record_update table="sys_portal_preferences">
<sys_portal_preferences action="INSERT_OR_UPDATE">
<name>report_type</name>
<portal_section display_value="60db39960f7033007e1763cda8767ed3">60db39960f7033007e1763cda8767ed3</portal_section>
<sys_created_by>admin</sys_created_by>
<sys_created_on>2019-04-16 06:21:42</sys_created_on>
<sys_id>e0db39960f7033007e1763cda8767ed4</sys_id>
<sys_mod_count>0</sys_mod_count>
<sys_updated_by>admin</sys_updated_by>
<sys_updated_on>2019-04-16 06:21:42</sys_updated_on>
<value>bar</value>
</sys_portal_preferences>
</record_update>
