<?xml version="1.0" encoding="UTF-8"?><record_update table="sys_db_object">
  <sys_db_object action="INSERT_OR_UPDATE">
    <access>public</access>
    <actions_access>true</actions_access>
    <alter_access>true</alter_access>
    <client_scripts_access>true</client_scripts_access>
    <configuration_access>false</configuration_access>
    <create_access>true</create_access>
    <create_access_controls>false</create_access_controls>
    <delete_access>true</delete_access>
    <extension_model/>
    <is_extendable>false</is_extendable>
    <label>User</label>
    <live_feed_enabled>false</live_feed_enabled>
    <name>sys_user</name>
    <number_ref/>
    <provider_class/>
    <read_access>true</read_access>
    <super_class/>
    <sys_class_code/>
    <sys_class_name>sys_db_object</sys_class_name>
    <sys_class_path/>
    <sys_created_by>system</sys_created_by>
    <sys_created_on>2019-03-19 09:29:55</sys_created_on>
    <sys_id>306a9a11531033008feeddeeff7b12b9</sys_id>
    <sys_mod_count>1</sys_mod_count>
    <sys_name>User</sys_name>
    <sys_package display_value="System (apps/system_user)" source="apps/system_user">506a9a11531033008feeddeeff7b1229</sys_package>
    <sys_policy/>
    <sys_scope display_value="Global">global</sys_scope>
    <sys_update_name>sys_db_object_306a9a11531033008feeddeeff7b12b9</sys_update_name>
    <sys_updated_by>admin</sys_updated_by>
    <sys_updated_on>2019-04-01 09:19:26</sys_updated_on>
    <update_access>true</update_access>
    <user_role/>
    <ws_access>true</ws_access>
  </sys_db_object>
</record_update>
