<?xml version="1.0" encoding="UTF-8"?>
<record_update table="sys_ui_hp_date">
  <sys_ui_hp_date action="INSERT_OR_UPDATE">
    <date_field>start_time</date_field>
    <date_table>sn_hiring_feedback_interview</date_table>
    <publisher_reference display_value="Interviewes Date Filter">73a231f60f0133007e1763cda8767e9a</publisher_reference>
    <sys_class_name>sys_ui_hp_date</sys_class_name>
    <sys_created_by>admin</sys_created_by>
    <sys_created_on>2019-04-30 05:21:44</sys_created_on>
    <sys_id>d64479f60f0133007e1763cda8767eac</sys_id>
    <sys_mod_count>2</sys_mod_count>
    <sys_name>73a231f60f0133007e1763cda8767e9a</sys_name>
    <sys_package display_value="Hiring Feedback" source="sn_hiring_feedback">817f729837831300a128036973990e47</sys_package>
    <sys_policy/>
    <sys_scope display_value="Hiring Feedback">817f729837831300a128036973990e47</sys_scope>
    <sys_update_name>sys_ui_hp_date_d64479f60f0133007e1763cda8767eac</sys_update_name>
    <sys_updated_by>admin</sys_updated_by>
    <sys_updated_on>2020-02-11 18:13:29</sys_updated_on>
  </sys_ui_hp_date>
</record_update>
