<?xml version="1.0" encoding="UTF-8"?>
<record_update table="sys_security_acl_role">
  <sys_security_acl_role action="INSERT_OR_UPDATE">
    <sys_class_name>sys_security_acl_role</sys_class_name>
    <sys_created_by>admin</sys_created_by>
    <sys_created_on>2020-02-14 06:15:17</sys_created_on>
    <sys_id>5e7d1f00734300107e88ef66fbf6a759</sys_id>
    <sys_mod_count>0</sys_mod_count>
    <sys_name>sn_hiring_feedback_job_role.*.sn_hiring_feedback.interviewer</sys_name>
    <sys_package display_value="Hiring Feedback" source="sn_hiring_feedback">817f729837831300a128036973990e47</sys_package>
    <sys_policy/>
    <sys_scope display_value="Hiring Feedback">817f729837831300a128036973990e47</sys_scope>
    <sys_security_acl display_value="sn_hiring_feedback_job_role.*">fedc574c730300107e88ef66fbf6a7b2</sys_security_acl>
    <sys_update_name>sys_security_acl_role_5e7d1f00734300107e88ef66fbf6a759</sys_update_name>
    <sys_updated_by>admin</sys_updated_by>
    <sys_updated_on>2020-02-14 06:15:17</sys_updated_on>
    <sys_user_role display_value="sn_hiring_feedback.interviewer" name="sn_hiring_feedback.interviewer">6fbac0480fbb23007e1763cda8767edf</sys_user_role>
    <transaction_id/>
  </sys_security_acl_role>
</record_update>
