<?xml version="1.0" encoding="UTF-8"?><record_update sys_domain="global" table="sys_script">
  <sys_script action="INSERT_OR_UPDATE">
    <abort_action>false</abort_action>
    <access>package_private</access>
    <action_delete>false</action_delete>
    <action_insert>false</action_insert>
    <action_query>false</action_query>
    <action_update>true</action_update>
    <active>true</active>
    <add_message>false</add_message>
    <advanced>true</advanced>
    <change_fields>false</change_fields>
    <client_callable>false</client_callable>
    <collection>sn_hiring_feedback_temp_user</collection>
    <condition/>
    <description/>
    <execute_function>false</execute_function>
    <filter_condition/>
    <is_rest>false</is_rest>
    <message/>
    <name>Update Temp User</name>
    <order>100</order>
    <priority>100</priority>
    <rest_method/>
    <rest_method_text/>
    <rest_service/>
    <rest_service_text/>
    <rest_variables/>
    <role_conditions>sn_hiring_feedback.recruiter</role_conditions>
    <script><![CDATA[(function executeRule(current, previous /*null when async*/) {

	var sys_user_gr = new GlideRecord('sys_user');
	var userEmail = previous.user_id.toString();
	var userId = userEmail.substring(0, userEmail.indexOf('@'));
	
	var currentEmail = current.user_id.toString();
	var currentUserId = currentEmail.substring(0, currentEmail.indexOf('@'));
	
	sys_user_gr.addQuery('user_name', userId);
	sys_user_gr.setLimit(1);
	sys_user_gr.query();
	
	if(sys_user_gr.next()) {
		sys_user_gr.email = current.email;
		sys_user_gr.user_name = currentUserId;
		sys_user_gr.first_name = current.first_name;
		sys_user_gr.last_name = current.last_name;
		sys_user_gr.team = current.team;
		
		sys_user_gr.update();
	}
	
})(current, previous);]]></script>
    <sys_class_name>sys_script</sys_class_name>
    <sys_created_by>admin</sys_created_by>
    <sys_created_on>2019-04-01 08:57:49</sys_created_on>
    <sys_domain>global</sys_domain>
    <sys_domain_path>/</sys_domain_path>
    <sys_id>fdacc9a1536433004dc0ddeeff7b12bf</sys_id>
    <sys_mod_count>7</sys_mod_count>
    <sys_name>Update Temp User</sys_name>
    <sys_overrides/>
    <sys_package display_value="Hiring Feedback" source="sn_hiring_feedback">817f729837831300a128036973990e47</sys_package>
    <sys_policy/>
    <sys_scope display_value="Hiring Feedback">817f729837831300a128036973990e47</sys_scope>
    <sys_update_name>sys_script_fdacc9a1536433004dc0ddeeff7b12bf</sys_update_name>
    <sys_updated_by>admin</sys_updated_by>
    <sys_updated_on>2019-04-01 09:25:47</sys_updated_on>
    <template/>
    <when>before</when>
  </sys_script>
  <sys_translated_text action="delete_multiple" query="documentkey=fdacc9a1536433004dc0ddeeff7b12bf"/>
</record_update>
