<?xml version="1.0" encoding="UTF-8"?><record_update table="sys_scope_privilege">
  <sys_scope_privilege action="INSERT_OR_UPDATE">
    <operation>create</operation>
    <source_scope display_value="Hiring Feedback">817f729837831300a128036973990e47</source_scope>
    <status>allowed</status>
    <sys_class_name>sys_scope_privilege</sys_class_name>
    <sys_created_by>admin</sys_created_by>
    <sys_created_on>2019-02-25 09:28:28</sys_created_on>
    <sys_id>27f6419e0f3723007e1763cda8767e81</sys_id>
    <sys_mod_count>0</sys_mod_count>
    <sys_name>sys_user</sys_name>
    <sys_package display_value="Hiring Feedback" source="sn_hiring_feedback">817f729837831300a128036973990e47</sys_package>
    <sys_policy/>
    <sys_scope display_value="Hiring Feedback">817f729837831300a128036973990e47</sys_scope>
    <sys_update_name>sys_scope_privilege_27f6419e0f3723007e1763cda8767e81</sys_update_name>
    <sys_updated_by>admin</sys_updated_by>
    <sys_updated_on>2019-02-25 09:28:28</sys_updated_on>
    <target_name>sys_user</target_name>
    <target_scope display_value="Global">global</target_scope>
    <target_type>sys_db_object</target_type>
  </sys_scope_privilege>
</record_update>
