<?xml version="1.0" encoding="UTF-8"?>
<record_update sys_domain="global" table="sys_ui_action">
  <sys_ui_action action="INSERT_OR_UPDATE">
    <action_name/>
    <active>true</active>
    <client>false</client>
    <client_script_v2><![CDATA[function onClick(g_form) {

}]]></client_script_v2>
    <comments>Triggers the notification interview_feedback_reminder which sends a HTML template and link of current interview.</comments>
    <condition>!current.isNewRecord()</condition>
    <form_action>true</form_action>
    <form_button>true</form_button>
    <form_button_v2>false</form_button_v2>
    <form_context_menu>false</form_context_menu>
    <form_link>false</form_link>
    <form_menu_button_v2>false</form_menu_button_v2>
    <form_style/>
    <hint/>
    <isolate_script>false</isolate_script>
    <list_action>false</list_action>
    <list_banner_button>false</list_banner_button>
    <list_button>false</list_button>
    <list_choice>false</list_choice>
    <list_context_menu>false</list_context_menu>
    <list_link>false</list_link>
    <list_save_with_form_button>false</list_save_with_form_button>
    <list_style/>
    <name>Remind Feedback</name>
    <onclick/>
    <order>100</order>
    <script><![CDATA[var sysId = current.getUniqueValue();
var interviewsGr = new GlideRecord('sn_hiring_feedback_interview');
interviewsGr.get(sysId);
gs.eventQueue('sn_hiring_feedback.remindFeedback', interviewsGr, interviewsGr.getUniqueValue(), interviewsGr.interviewer_email);]]></script>
    <show_insert>true</show_insert>
    <show_multiple_update>false</show_multiple_update>
    <show_query>false</show_query>
    <show_update>true</show_update>
    <sys_class_name>sys_ui_action</sys_class_name>
    <sys_created_by>admin</sys_created_by>
    <sys_created_on>2019-03-11 07:25:30</sys_created_on>
    <sys_domain>global</sys_domain>
    <sys_domain_path>/</sys_domain_path>
    <sys_id>1490b0ba0f0433007e1763cda8767e00</sys_id>
    <sys_mod_count>11</sys_mod_count>
    <sys_name>Remind Feedback</sys_name>
    <sys_overrides/>
    <sys_package display_value="Hiring Feedback" source="sn_hiring_feedback">817f729837831300a128036973990e47</sys_package>
    <sys_policy/>
    <sys_scope display_value="Hiring Feedback">817f729837831300a128036973990e47</sys_scope>
    <sys_update_name>sys_ui_action_1490b0ba0f0433007e1763cda8767e00</sys_update_name>
    <sys_updated_by>admin</sys_updated_by>
    <sys_updated_on>2020-03-04 09:24:21</sys_updated_on>
    <table>sn_hiring_feedback_interview</table>
    <ui11_compatible>true</ui11_compatible>
    <ui16_compatible>false</ui16_compatible>
  </sys_ui_action>
</record_update>
