<?xml version="1.0" encoding="UTF-8"?><record_update table="sys_security_acl_role">
  <sys_security_acl_role action="DELETE">
    <sys_class_name>sys_security_acl_role</sys_class_name>
    <sys_created_by>admin</sys_created_by>
    <sys_created_on>2019-03-11 11:27:04</sys_created_on>
    <sys_id>e27869f6b70473008fee6f28ee11a9a1</sys_id>
    <sys_mod_count>1</sys_mod_count>
    <sys_name>sn_hiring_feedback_job.sn_hiring_feedback.admin</sys_name>
    <sys_package display_value="Hiring Feedback" source="sn_hiring_feedback">817f729837831300a128036973990e47</sys_package>
    <sys_policy/>
    <sys_scope display_value="Hiring Feedback">817f729837831300a128036973990e47</sys_scope>
    <sys_security_acl display_value="">aa7869f6b70473008fee6f28ee11a99e</sys_security_acl>
    <sys_update_name>sys_security_acl_role_e27869f6b70473008fee6f28ee11a9a1</sys_update_name>
    <sys_updated_by>admin</sys_updated_by>
    <sys_updated_on>2019-03-12 05:00:06</sys_updated_on>
    <sys_user_role display_value="sn_hiring_feedback.admin" name="sn_hiring_feedback.admin">fb79b34a0ff323007e1763cda8767e6b</sys_user_role>
    <transaction_id/>
  </sys_security_acl_role>
</record_update>
