<?xml version="1.0" encoding="UTF-8"?><record_update table="sys_number">
    <sys_number action="INSERT_OR_UPDATE">
        <category display_value="" name="sn_hiring_feedback_interview">sn_hiring_feedback_interview</category>
        <maximum_digits>7</maximum_digits>
        <number>1000</number>
        <prefix>INT</prefix>
        <sys_class_name>sys_number</sys_class_name>
        <sys_created_by>admin</sys_created_by>
        <sys_created_on>2018-07-06 06:54:09</sys_created_on>
        <sys_id>36bfdbf637475300a128036973990e64</sys_id>
        <sys_mod_count>2</sys_mod_count>
        <sys_name>INT</sys_name>
        <sys_package display_value="Hiring Feedback" source="sn_hiring_feedback">817f729837831300a128036973990e47</sys_package>
        <sys_policy/>
        <sys_scope display_value="Hiring Feedback">817f729837831300a128036973990e47</sys_scope>
        <sys_update_name>sys_number_36bfdbf637475300a128036973990e64</sys_update_name>
        <sys_updated_by>admin</sys_updated_by>
        <sys_updated_on>2018-07-06 06:58:30</sys_updated_on>
    </sys_number>
</record_update>
