<?xml version="1.0" encoding="UTF-8"?><record_update table="sys_security_acl_role">
  <sys_security_acl_role action="DELETE">
    <sys_class_name>sys_security_acl_role</sys_class_name>
    <sys_created_by>admin</sys_created_by>
    <sys_created_on>2018-06-28 10:11:21</sys_created_on>
    <sys_id>e5200b9837831300a128036973990e01</sys_id>
    <sys_mod_count>0</sys_mod_count>
    <sys_name>sn_hiring_feedback_job.sn_hiring_feedback.job_user</sys_name>
    <sys_package display_value="Hiring Feedback" source="sn_hiring_feedback">817f729837831300a128036973990e47</sys_package>
    <sys_policy/>
    <sys_scope display_value="Hiring Feedback">817f729837831300a128036973990e47</sys_scope>
    <sys_security_acl display_value="sn_hiring_feedback_job">6d20c79837831300a128036973990efe</sys_security_acl>
    <sys_update_name>sys_security_acl_role_e5200b9837831300a128036973990e01</sys_update_name>
    <sys_updated_by>admin</sys_updated_by>
    <sys_updated_on>2018-06-28 10:11:21</sys_updated_on>
    <sys_user_role display_value="">ad204f5837831300a128036973990eb5</sys_user_role>
    <transaction_id/>
  </sys_security_acl_role>
</record_update>
