<?xml version="1.0" encoding="UTF-8"?><record_update table="sys_script_include">
  <sys_script_include action="DELETE">
    <access>public</access>
    <active>true</active>
    <api_name>global.JobApplicantUploadUtilGlobal</api_name>
    <client_callable>true</client_callable>
    <description/>
    <name>JobApplicantUploadUtilGlobal</name>
    <script><![CDATA[var JobApplicantUploadUtilGlobal = Class.create();
JobApplicantUploadUtilGlobal.prototype = Object.extendsObject(AbstractAjaxProcessor, {
	
	initialize: function() {
		var tab = new GlideRecord("sys_dictionary");
		tab.addQuery("name", this.IMPORT_TABLE);
		tab.addQuery("internal_type", "!=", "collection");
		tab.query();
		while(tab.next()) {
			var colLabel = (tab.getDisplayValue("column_label"));
			var colName = tab.getValue("element");
			if (!gs.nil(colLabel) && !gs.nil(colName))
				this.FIELDS_LOOKUP[colLabel.toLowerCase()] = colName; 
		}
    },
	
	uploadExcel: function(excel, dataSource, import_set) {
		gs.info('HELLO WORLD!');
		var import_count = 0;
		var applicantsCount = 0;
		
		var row = this._constructRow(new global.JSON().decode(excel));
		gs.info('ROW: ' + JSON.stringify(row));
		
		if(!this._isRowEmpty(row)) {
			row["data_source"] = dataSource;
			row["import_set"] = import_set;
			var reasons = [];
			var mandFields = [];
		}
		
		
		var ret = {
			"import_error_count": import_count,
			"job_applicant_count": job_applicant_count,
		};
		return ret;
	},
	
	_constructRow: function(restRow) {
		var row = {};
		for(var key in restRow) {
			row[this.FIELDS_LOOKUP[key]] = restRow[key];
		}
		return row;
	},
	
	_isRowEmpty: function(row) {
		var fields = [
			"job#", "first_name"
		];
		return true;
	},

    type: 'JobApplicantUploadUtilGlobal'
});]]></script>
    <sys_class_name>sys_script_include</sys_class_name>
    <sys_created_by>admin</sys_created_by>
    <sys_created_on>2019-03-11 15:56:00</sys_created_on>
    <sys_id>8c65aef2530033008feeddeeff7b1203</sys_id>
    <sys_mod_count>2</sys_mod_count>
    <sys_name>JobApplicantUploadUtilGlobal</sys_name>
    <sys_package display_value="Global" source="global">global</sys_package>
    <sys_policy/>
    <sys_scope display_value="Global">global</sys_scope>
    <sys_update_name>sys_script_include_8c65aef2530033008feeddeeff7b1203</sys_update_name>
    <sys_updated_by>admin</sys_updated_by>
    <sys_updated_on>2019-03-11 16:00:55</sys_updated_on>
  </sys_script_include>
</record_update>
