<?xml version="1.0" encoding="UTF-8"?><record_update table="sys_db_object">
  <sys_db_object action="INSERT_OR_UPDATE">
    <access>public</access>
    <actions_access>true</actions_access>
    <alter_access>true</alter_access>
    <client_scripts_access>true</client_scripts_access>
    <configuration_access>false</configuration_access>
    <create_access>false</create_access>
    <create_access_controls>false</create_access_controls>
    <delete_access>false</delete_access>
    <extension_model/>
    <is_extendable>false</is_extendable>
    <label>Job Applicants Staging</label>
    <live_feed_enabled>false</live_feed_enabled>
    <name>sn_hiring_feedback_job_applicants_staging</name>
    <number_ref/>
    <provider_class/>
    <read_access>true</read_access>
    <super_class display_value="Import Set Row" name="sys_import_set_row">38730955b73323008fee6f28ee11a92c</super_class>
    <sys_class_code/>
    <sys_class_name>sys_db_object</sys_class_name>
    <sys_class_path/>
    <sys_created_by>admin</sys_created_by>
    <sys_created_on>2019-02-22 08:53:43</sys_created_on>
    <sys_id>ee52e599b7bb23008fee6f28ee11a925</sys_id>
    <sys_mod_count>1</sys_mod_count>
    <sys_name>Job Applicants Staging</sys_name>
    <sys_package display_value="Hiring Feedback" source="sn_hiring_feedback">817f729837831300a128036973990e47</sys_package>
    <sys_policy/>
    <sys_scope display_value="Hiring Feedback">817f729837831300a128036973990e47</sys_scope>
    <sys_update_name>sys_db_object_ee52e599b7bb23008fee6f28ee11a925</sys_update_name>
    <sys_updated_by>admin</sys_updated_by>
    <sys_updated_on>2019-03-11 08:29:57</sys_updated_on>
    <update_access>false</update_access>
    <user_role/>
    <ws_access>true</ws_access>
  </sys_db_object>
</record_update>
