<?xml version="1.0" encoding="UTF-8"?>
<record_update table="sys_security_acl">
  <sys_security_acl action="INSERT_OR_UPDATE">
    <active>true</active>
    <admin_overrides>true</admin_overrides>
    <advanced>false</advanced>
    <condition/>
    <description/>
    <name>sn_hiring_feedback_interview.previous_comments_overall_comments</name>
    <operation display_value="read">read</operation>
    <script/>
    <sys_class_name>sys_security_acl</sys_class_name>
    <sys_created_by>admin</sys_created_by>
    <sys_created_on>2020-01-03 13:28:36</sys_created_on>
    <sys_id>65dda0b6730e00107e88ef66fbf6a764</sys_id>
    <sys_mod_count>0</sys_mod_count>
    <sys_name>sn_hiring_feedback_interview.previous_comments_overall_comments</sys_name>
    <sys_package display_value="Hiring Feedback" source="sn_hiring_feedback">817f729837831300a128036973990e47</sys_package>
    <sys_policy>read</sys_policy>
    <sys_scope display_value="Hiring Feedback">817f729837831300a128036973990e47</sys_scope>
    <sys_update_name>sys_security_acl_65dda0b6730e00107e88ef66fbf6a764</sys_update_name>
    <sys_updated_by>admin</sys_updated_by>
    <sys_updated_on>2020-01-03 13:28:36</sys_updated_on>
    <type display_value="record">record</type>
  </sys_security_acl>
</record_update>
