<?xml version="1.0" encoding="UTF-8"?>
<record_update node_type="sys_portal_page" unload_date="2020-02-12 05:19:32">
  <sys_portal_page action="INSERT_OR_UPDATE">
    <layout/>
    <order/>
    <read_roles/>
    <roles/>
    <selectable>false</selectable>
    <sys_class_name>sys_portal_page</sys_class_name>
    <sys_created_by>admin</sys_created_by>
    <sys_created_on>2019-04-16 05:59:16</sys_created_on>
    <sys_domain>global</sys_domain>
    <sys_domain_path>/</sys_domain_path>
    <sys_id>f3a6f5960f7033007e1763cda8767e6e</sys_id>
    <sys_mod_count>0</sys_mod_count>
    <sys_name>PA Tab</sys_name>
    <sys_overrides/>
    <sys_package display_value="Hiring Feedback" source="sn_hiring_feedback">817f729837831300a128036973990e47</sys_package>
    <sys_policy/>
    <sys_scope display_value="Hiring Feedback">817f729837831300a128036973990e47</sys_scope>
    <sys_update_name>sys_portal_page_f3a6f5960f7033007e1763cda8767e6e</sys_update_name>
    <sys_updated_by>admin</sys_updated_by>
    <sys_updated_on>2019-04-16 05:59:16</sys_updated_on>
    <title>PA Tab</title>
    <user/>
    <view>pa_new_tab_9</view>
    <related_items_node>
      <sys_portal action="INSERT_OR_UPDATE">
        <dropzone/>
        <offset/>
        <page display_value="PA Tab">f3a6f5960f7033007e1763cda8767e6e</page>
        <summary>Top 10 Interviewers</summary>
        <sys_created_by>admin</sys_created_by>
        <sys_created_on>2019-04-30 06:07:27</sys_created_on>
        <sys_id>10de31ba0f0133007e1763cda8767e8a</sys_id>
        <sys_mod_count>2</sys_mod_count>
        <sys_updated_by>admin</sys_updated_by>
        <sys_updated_on>2019-05-06 06:46:39</sys_updated_on>
        <related_items_node>
          <sys_portal_preferences action="INSERT_OR_UPDATE">
            <name>can_subscribe</name>
            <portal_section display_value="Created 2019-04-30 11:37:27">10de31ba0f0133007e1763cda8767e8a</portal_section>
            <sys_created_by>admin</sys_created_by>
            <sys_created_on>2019-04-30 06:07:27</sys_created_on>
            <sys_id>10de31ba0f0133007e1763cda8767e8b</sys_id>
            <sys_mod_count>0</sys_mod_count>
            <sys_updated_by>admin</sys_updated_by>
            <sys_updated_on>2019-04-30 06:07:27</sys_updated_on>
            <value>true</value>
          </sys_portal_preferences>
          <sys_portal_preferences action="INSERT_OR_UPDATE">
            <name>sys_id</name>
            <portal_section display_value="Created 2019-04-30 11:37:27">10de31ba0f0133007e1763cda8767e8a</portal_section>
            <sys_created_by>admin</sys_created_by>
            <sys_created_on>2019-04-30 06:07:27</sys_created_on>
            <sys_id>54de31ba0f0133007e1763cda8767e8a</sys_id>
            <sys_mod_count>0</sys_mod_count>
            <sys_updated_by>admin</sys_updated_by>
            <sys_updated_on>2019-04-30 06:07:27</sys_updated_on>
            <value>8eae7d7a0f0133007e1763cda8767ef0</value>
          </sys_portal_preferences>
          <sys_portal_preferences action="INSERT_OR_UPDATE">
            <name>help_text_window</name>
            <portal_section display_value="Created 2019-04-30 11:37:27">10de31ba0f0133007e1763cda8767e8a</portal_section>
            <sys_created_by>admin</sys_created_by>
            <sys_created_on>2019-04-30 06:07:27</sys_created_on>
            <sys_id>5cde31ba0f0133007e1763cda8767e8a</sys_id>
            <sys_mod_count>0</sys_mod_count>
            <sys_updated_by>admin</sys_updated_by>
            <sys_updated_on>2019-04-30 06:07:27</sys_updated_on>
            <value>report_widget_description</value>
          </sys_portal_preferences>
          <sys_portal_preferences action="INSERT_OR_UPDATE">
            <name>title</name>
            <portal_section display_value="Created 2019-04-30 11:37:27">10de31ba0f0133007e1763cda8767e8a</portal_section>
            <sys_created_by>admin</sys_created_by>
            <sys_created_on>2019-04-30 06:07:27</sys_created_on>
            <sys_id>94de31ba0f0133007e1763cda8767e8b</sys_id>
            <sys_mod_count>1</sys_mod_count>
            <sys_updated_by>admin</sys_updated_by>
            <sys_updated_on>2019-05-06 08:11:22</sys_updated_on>
            <value>Top 10 Interviewers</value>
          </sys_portal_preferences>
          <sys_portal_preferences action="INSERT_OR_UPDATE">
            <name>renderer</name>
            <portal_section display_value="Created 2019-04-30 11:37:27">10de31ba0f0133007e1763cda8767e8a</portal_section>
            <sys_created_by>admin</sys_created_by>
            <sys_created_on>2019-04-30 06:07:27</sys_created_on>
            <sys_id>98de31ba0f0133007e1763cda8767e8a</sys_id>
            <sys_mod_count>0</sys_mod_count>
            <sys_updated_by>admin</sys_updated_by>
            <sys_updated_on>2019-04-30 06:07:27</sys_updated_on>
            <value>com.glide.ui.portal.RenderReport</value>
          </sys_portal_preferences>
          <sys_portal_preferences action="INSERT_OR_UPDATE">
            <name>show_header</name>
            <portal_section display_value="Created 2019-04-30 11:37:27">10de31ba0f0133007e1763cda8767e8a</portal_section>
            <sys_created_by>admin</sys_created_by>
            <sys_created_on>2019-04-30 10:37:56</sys_created_on>
            <sys_id>a2bc7eb60f4133007e1763cda8767eaa</sys_id>
            <sys_mod_count>0</sys_mod_count>
            <sys_updated_by>admin</sys_updated_by>
            <sys_updated_on>2019-04-30 10:37:56</sys_updated_on>
            <value>true</value>
          </sys_portal_preferences>
          <sys_portal_preferences action="INSERT_OR_UPDATE">
            <name>subscriber_widget</name>
            <portal_section display_value="Created 2019-04-30 11:37:27">10de31ba0f0133007e1763cda8767e8a</portal_section>
            <sys_created_by>admin</sys_created_by>
            <sys_created_on>2019-04-30 10:37:56</sys_created_on>
            <sys_id>a2bc7eb60f4133007e1763cda8767eab</sys_id>
            <sys_mod_count>1</sys_mod_count>
            <sys_updated_by>admin</sys_updated_by>
            <sys_updated_on>2019-04-30 12:00:09</sys_updated_on>
            <value>true</value>
          </sys_portal_preferences>
          <sys_portal_preferences action="INSERT_OR_UPDATE">
            <name>title_align</name>
            <portal_section display_value="Created 2019-04-30 11:37:27">10de31ba0f0133007e1763cda8767e8a</portal_section>
            <sys_created_by>admin</sys_created_by>
            <sys_created_on>2019-04-30 10:37:56</sys_created_on>
            <sys_id>a6bc7eb60f4133007e1763cda8767eaa</sys_id>
            <sys_mod_count>0</sys_mod_count>
            <sys_updated_by>admin</sys_updated_by>
            <sys_updated_on>2019-04-30 10:37:56</sys_updated_on>
            <value>left</value>
          </sys_portal_preferences>
          <sys_portal_preferences action="INSERT_OR_UPDATE">
            <name>filter_indicator</name>
            <portal_section display_value="Created 2019-04-30 11:37:27">10de31ba0f0133007e1763cda8767e8a</portal_section>
            <sys_created_by>admin</sys_created_by>
            <sys_created_on>2019-04-30 10:37:56</sys_created_on>
            <sys_id>a6bc7eb60f4133007e1763cda8767eab</sys_id>
            <sys_mod_count>1</sys_mod_count>
            <sys_updated_by>admin</sys_updated_by>
            <sys_updated_on>2019-04-30 12:00:09</sys_updated_on>
            <value>true</value>
          </sys_portal_preferences>
          <sys_portal_preferences action="INSERT_OR_UPDATE">
            <name>show_border</name>
            <portal_section display_value="Created 2019-04-30 11:37:27">10de31ba0f0133007e1763cda8767e8a</portal_section>
            <sys_created_by>admin</sys_created_by>
            <sys_created_on>2019-04-30 10:37:56</sys_created_on>
            <sys_id>aabc7eb60f4133007e1763cda8767eaa</sys_id>
            <sys_mod_count>0</sys_mod_count>
            <sys_updated_by>admin</sys_updated_by>
            <sys_updated_on>2019-04-30 10:37:56</sys_updated_on>
            <value>false</value>
          </sys_portal_preferences>
          <sys_portal_preferences action="INSERT_OR_UPDATE">
            <name>real_time</name>
            <portal_section display_value="Created 2019-04-30 11:37:27">10de31ba0f0133007e1763cda8767e8a</portal_section>
            <sys_created_by>admin</sys_created_by>
            <sys_created_on>2019-04-30 10:37:56</sys_created_on>
            <sys_id>aabc7eb60f4133007e1763cda8767eab</sys_id>
            <sys_mod_count>0</sys_mod_count>
            <sys_updated_by>admin</sys_updated_by>
            <sys_updated_on>2019-04-30 10:37:56</sys_updated_on>
            <value>false</value>
          </sys_portal_preferences>
          <sys_portal_preferences action="INSERT_OR_UPDATE">
            <name>show_title</name>
            <portal_section display_value="Created 2019-04-30 11:37:27">10de31ba0f0133007e1763cda8767e8a</portal_section>
            <sys_created_by>admin</sys_created_by>
            <sys_created_on>2019-04-30 10:37:56</sys_created_on>
            <sys_id>aebc7eb60f4133007e1763cda8767ea9</sys_id>
            <sys_mod_count>0</sys_mod_count>
            <sys_updated_by>admin</sys_updated_by>
            <sys_updated_on>2019-04-30 10:37:56</sys_updated_on>
            <value>true</value>
          </sys_portal_preferences>
          <sys_portal_preferences action="INSERT_OR_UPDATE">
            <name>publisher_widget</name>
            <portal_section display_value="Created 2019-04-30 11:37:27">10de31ba0f0133007e1763cda8767e8a</portal_section>
            <sys_created_by>admin</sys_created_by>
            <sys_created_on>2019-04-30 10:37:56</sys_created_on>
            <sys_id>aebc7eb60f4133007e1763cda8767eaa</sys_id>
            <sys_mod_count>0</sys_mod_count>
            <sys_updated_by>admin</sys_updated_by>
            <sys_updated_on>2019-04-30 10:37:56</sys_updated_on>
            <value>false</value>
          </sys_portal_preferences>
          <sys_portal_preferences action="INSERT_OR_UPDATE">
            <name>report_type</name>
            <portal_section display_value="Created 2019-04-30 11:37:27">10de31ba0f0133007e1763cda8767e8a</portal_section>
            <sys_created_by>admin</sys_created_by>
            <sys_created_on>2019-04-30 06:07:27</sys_created_on>
            <sys_id>d0de31ba0f0133007e1763cda8767e8b</sys_id>
            <sys_mod_count>0</sys_mod_count>
            <sys_updated_by>admin</sys_updated_by>
            <sys_updated_on>2019-04-30 06:07:27</sys_updated_on>
            <value>horizontal_bar</value>
          </sys_portal_preferences>
        </related_items_node>
      </sys_portal>
      <sys_portal action="INSERT_OR_UPDATE">
        <dropzone/>
        <offset/>
        <page display_value="PA Tab">f3a6f5960f7033007e1763cda8767e6e</page>
        <summary>Interviews Date Filter</summary>
        <sys_created_by>admin</sys_created_by>
        <sys_created_on>2019-04-30 05:24:48</sys_created_on>
        <sys_id>2b05fdf60f0133007e1763cda8767e9b</sys_id>
        <sys_mod_count>6</sys_mod_count>
        <sys_updated_by>admin</sys_updated_by>
        <sys_updated_on>2020-02-11 19:03:46</sys_updated_on>
        <related_items_node>
          <sys_portal_preferences action="INSERT_OR_UPDATE">
            <name>filter_indicator</name>
            <portal_section display_value="Created 2019-04-30 10:54:48">2b05fdf60f0133007e1763cda8767e9b</portal_section>
            <sys_created_by>admin</sys_created_by>
            <sys_created_on>2019-04-30 10:38:53</sys_created_on>
            <sys_id>20fcbeb60f4133007e1763cda8767ee1</sys_id>
            <sys_mod_count>0</sys_mod_count>
            <sys_updated_by>admin</sys_updated_by>
            <sys_updated_on>2019-04-30 10:38:53</sys_updated_on>
            <value>false</value>
          </sys_portal_preferences>
          <sys_portal_preferences action="INSERT_OR_UPDATE">
            <name>real_time</name>
            <portal_section display_value="Created 2019-04-30 10:54:48">2b05fdf60f0133007e1763cda8767e9b</portal_section>
            <sys_created_by>admin</sys_created_by>
            <sys_created_on>2019-04-30 10:38:53</sys_created_on>
            <sys_id>24fcbeb60f4133007e1763cda8767ee1</sys_id>
            <sys_mod_count>0</sys_mod_count>
            <sys_updated_by>admin</sys_updated_by>
            <sys_updated_on>2019-04-30 10:38:53</sys_updated_on>
            <value>false</value>
          </sys_portal_preferences>
          <sys_portal_preferences action="INSERT_OR_UPDATE">
            <name>publisher_widget</name>
            <portal_section display_value="Created 2019-04-30 10:54:48">2b05fdf60f0133007e1763cda8767e9b</portal_section>
            <sys_created_by>admin</sys_created_by>
            <sys_created_on>2019-04-30 05:24:48</sys_created_on>
            <sys_id>2705fdf60f0133007e1763cda8767e9d</sys_id>
            <sys_mod_count>0</sys_mod_count>
            <sys_updated_by>admin</sys_updated_by>
            <sys_updated_on>2019-04-30 05:24:48</sys_updated_on>
            <value>true</value>
          </sys_portal_preferences>
          <sys_portal_preferences action="INSERT_OR_UPDATE">
            <name>subscriber_widget</name>
            <portal_section display_value="Created 2019-04-30 10:54:48">2b05fdf60f0133007e1763cda8767e9b</portal_section>
            <sys_created_by>admin</sys_created_by>
            <sys_created_on>2019-04-30 10:38:53</sys_created_on>
            <sys_id>2cfcbeb60f4133007e1763cda8767ee0</sys_id>
            <sys_mod_count>0</sys_mod_count>
            <sys_updated_by>admin</sys_updated_by>
            <sys_updated_on>2019-04-30 10:38:53</sys_updated_on>
            <value>false</value>
          </sys_portal_preferences>
          <sys_portal_preferences action="INSERT_OR_UPDATE">
            <name>can_publish</name>
            <portal_section display_value="Created 2019-04-30 10:54:48">2b05fdf60f0133007e1763cda8767e9b</portal_section>
            <sys_created_by>admin</sys_created_by>
            <sys_created_on>2019-04-30 05:24:48</sys_created_on>
            <sys_id>6305fdf60f0133007e1763cda8767e9d</sys_id>
            <sys_mod_count>0</sys_mod_count>
            <sys_updated_by>admin</sys_updated_by>
            <sys_updated_on>2019-04-30 05:24:48</sys_updated_on>
            <value>true</value>
          </sys_portal_preferences>
          <sys_portal_preferences action="INSERT_OR_UPDATE">
            <name>title_align</name>
            <portal_section display_value="Created 2019-04-30 10:54:48">2b05fdf60f0133007e1763cda8767e9b</portal_section>
            <sys_created_by>admin</sys_created_by>
            <sys_created_on>2019-04-30 10:38:53</sys_created_on>
            <sys_id>a0fcbeb60f4133007e1763cda8767ee0</sys_id>
            <sys_mod_count>0</sys_mod_count>
            <sys_updated_by>admin</sys_updated_by>
            <sys_updated_on>2019-04-30 10:38:53</sys_updated_on>
            <value>left</value>
          </sys_portal_preferences>
          <sys_portal_preferences action="INSERT_OR_UPDATE">
            <name>show_border</name>
            <portal_section display_value="Created 2019-04-30 10:54:48">2b05fdf60f0133007e1763cda8767e9b</portal_section>
            <sys_created_by>admin</sys_created_by>
            <sys_created_on>2019-04-30 10:38:53</sys_created_on>
            <sys_id>a4fcbeb60f4133007e1763cda8767ee0</sys_id>
            <sys_mod_count>2</sys_mod_count>
            <sys_updated_by>admin</sys_updated_by>
            <sys_updated_on>2019-04-30 11:02:01</sys_updated_on>
            <value>false</value>
          </sys_portal_preferences>
          <sys_portal_preferences action="INSERT_OR_UPDATE">
            <name>show_title</name>
            <portal_section display_value="Created 2019-04-30 10:54:48">2b05fdf60f0133007e1763cda8767e9b</portal_section>
            <sys_created_by>admin</sys_created_by>
            <sys_created_on>2019-04-30 10:38:53</sys_created_on>
            <sys_id>a8fcbeb60f4133007e1763cda8767edf</sys_id>
            <sys_mod_count>0</sys_mod_count>
            <sys_updated_by>admin</sys_updated_by>
            <sys_updated_on>2019-04-30 10:38:53</sys_updated_on>
            <value>true</value>
          </sys_portal_preferences>
          <sys_portal_preferences action="INSERT_OR_UPDATE">
            <name>show_header</name>
            <portal_section display_value="Created 2019-04-30 10:54:48">2b05fdf60f0133007e1763cda8767e9b</portal_section>
            <sys_created_by>admin</sys_created_by>
            <sys_created_on>2019-04-30 10:38:53</sys_created_on>
            <sys_id>acfcbeb60f4133007e1763cda8767edf</sys_id>
            <sys_mod_count>0</sys_mod_count>
            <sys_updated_by>admin</sys_updated_by>
            <sys_updated_on>2019-04-30 10:38:53</sys_updated_on>
            <value>true</value>
          </sys_portal_preferences>
          <sys_portal_preferences action="INSERT_OR_UPDATE">
            <name>renderer</name>
            <portal_section display_value="Created 2019-04-30 10:54:48">2b05fdf60f0133007e1763cda8767e9b</portal_section>
            <sys_created_by>admin</sys_created_by>
            <sys_created_on>2019-04-30 05:24:48</sys_created_on>
            <sys_id>af05fdf60f0133007e1763cda8767e9c</sys_id>
            <sys_mod_count>0</sys_mod_count>
            <sys_updated_by>admin</sys_updated_by>
            <sys_updated_on>2019-04-30 05:24:48</sys_updated_on>
            <value>com.glideapp.home.RenderHomepagePublishers</value>
          </sys_portal_preferences>
          <sys_portal_preferences action="INSERT_OR_UPDATE">
            <name>sys_id</name>
            <portal_section display_value="Created 2019-04-30 10:54:48">2b05fdf60f0133007e1763cda8767e9b</portal_section>
            <sys_created_by>admin</sys_created_by>
            <sys_created_on>2019-04-30 05:24:48</sys_created_on>
            <sys_id>e305fdf60f0133007e1763cda8767e9c</sys_id>
            <sys_mod_count>0</sys_mod_count>
            <sys_updated_by>admin</sys_updated_by>
            <sys_updated_on>2019-04-30 05:24:48</sys_updated_on>
            <value>73a231f60f0133007e1763cda8767e9a</value>
          </sys_portal_preferences>
          <sys_portal_preferences action="INSERT_OR_UPDATE">
            <name>type</name>
            <portal_section display_value="Created 2019-04-30 10:54:48">2b05fdf60f0133007e1763cda8767e9b</portal_section>
            <sys_created_by>admin</sys_created_by>
            <sys_created_on>2019-04-30 05:24:48</sys_created_on>
            <sys_id>e305fdf60f0133007e1763cda8767e9e</sys_id>
            <sys_mod_count>0</sys_mod_count>
            <sys_updated_by>admin</sys_updated_by>
            <sys_updated_on>2019-04-30 05:24:48</sys_updated_on>
            <value>3</value>
          </sys_portal_preferences>
          <sys_portal_preferences action="INSERT_OR_UPDATE">
            <name>title</name>
            <portal_section display_value="Created 2019-04-30 10:54:48">2b05fdf60f0133007e1763cda8767e9b</portal_section>
            <sys_created_by>admin</sys_created_by>
            <sys_created_on>2019-04-30 05:24:48</sys_created_on>
            <sys_id>e705fdf60f0133007e1763cda8767e9d</sys_id>
            <sys_mod_count>1</sys_mod_count>
            <sys_updated_by>admin</sys_updated_by>
            <sys_updated_on>2019-04-30 11:03:51</sys_updated_on>
            <value>Interviews Date Filter</value>
          </sys_portal_preferences>
        </related_items_node>
      </sys_portal>
      <sys_portal action="INSERT_OR_UPDATE">
        <dropzone/>
        <offset/>
        <page display_value="PA Tab">f3a6f5960f7033007e1763cda8767e6e</page>
        <summary>Applicants Overview Table</summary>
        <sys_created_by>admin</sys_created_by>
        <sys_created_on>2019-04-16 06:22:04</sys_created_on>
        <sys_id>31eb79d60f7033007e1763cda8767ee0</sys_id>
        <sys_mod_count>1</sys_mod_count>
        <sys_updated_by>admin</sys_updated_by>
        <sys_updated_on>2019-04-16 06:22:04</sys_updated_on>
        <related_items_node>
          <sys_portal_preferences action="INSERT_OR_UPDATE">
            <name>show_border</name>
            <portal_section display_value="Created 2019-04-16 11:52:04">31eb79d60f7033007e1763cda8767ee0</portal_section>
            <sys_created_by>admin</sys_created_by>
            <sys_created_on>2019-04-16 06:43:18</sys_created_on>
            <sys_id>01c0021a0f7033007e1763cda8767e96</sys_id>
            <sys_mod_count>1</sys_mod_count>
            <sys_updated_by>admin</sys_updated_by>
            <sys_updated_on>2019-04-30 10:36:23</sys_updated_on>
            <value>false</value>
          </sys_portal_preferences>
          <sys_portal_preferences action="INSERT_OR_UPDATE">
            <name>real_time</name>
            <portal_section display_value="Created 2019-04-16 11:52:04">31eb79d60f7033007e1763cda8767ee0</portal_section>
            <sys_created_by>admin</sys_created_by>
            <sys_created_on>2019-04-16 06:43:18</sys_created_on>
            <sys_id>01c0021a0f7033007e1763cda8767e97</sys_id>
            <sys_mod_count>0</sys_mod_count>
            <sys_updated_by>admin</sys_updated_by>
            <sys_updated_on>2019-04-16 06:43:18</sys_updated_on>
            <value>false</value>
          </sys_portal_preferences>
          <sys_portal_preferences action="INSERT_OR_UPDATE">
            <name>show_title</name>
            <portal_section display_value="Created 2019-04-16 11:52:04">31eb79d60f7033007e1763cda8767ee0</portal_section>
            <sys_created_by>admin</sys_created_by>
            <sys_created_on>2019-04-16 06:43:18</sys_created_on>
            <sys_id>05c0021a0f7033007e1763cda8767e95</sys_id>
            <sys_mod_count>0</sys_mod_count>
            <sys_updated_by>admin</sys_updated_by>
            <sys_updated_on>2019-04-16 06:43:18</sys_updated_on>
            <value>true</value>
          </sys_portal_preferences>
          <sys_portal_preferences action="INSERT_OR_UPDATE">
            <name>publisher_widget</name>
            <portal_section display_value="Created 2019-04-16 11:52:04">31eb79d60f7033007e1763cda8767ee0</portal_section>
            <sys_created_by>admin</sys_created_by>
            <sys_created_on>2019-04-16 06:43:18</sys_created_on>
            <sys_id>05c0021a0f7033007e1763cda8767e96</sys_id>
            <sys_mod_count>0</sys_mod_count>
            <sys_updated_by>admin</sys_updated_by>
            <sys_updated_on>2019-04-16 06:43:18</sys_updated_on>
            <value>false</value>
          </sys_portal_preferences>
          <sys_portal_preferences action="INSERT_OR_UPDATE">
            <name>show_header</name>
            <portal_section display_value="Created 2019-04-16 11:52:04">31eb79d60f7033007e1763cda8767ee0</portal_section>
            <sys_created_by>admin</sys_created_by>
            <sys_created_on>2019-04-16 06:43:18</sys_created_on>
            <sys_id>09c0021a0f7033007e1763cda8767e95</sys_id>
            <sys_mod_count>0</sys_mod_count>
            <sys_updated_by>admin</sys_updated_by>
            <sys_updated_on>2019-04-16 06:43:18</sys_updated_on>
            <value>true</value>
          </sys_portal_preferences>
          <sys_portal_preferences action="INSERT_OR_UPDATE">
            <name>subscriber_widget</name>
            <portal_section display_value="Created 2019-04-16 11:52:04">31eb79d60f7033007e1763cda8767ee0</portal_section>
            <sys_created_by>admin</sys_created_by>
            <sys_created_on>2019-04-16 06:43:18</sys_created_on>
            <sys_id>09c0021a0f7033007e1763cda8767e96</sys_id>
            <sys_mod_count>0</sys_mod_count>
            <sys_updated_by>admin</sys_updated_by>
            <sys_updated_on>2019-04-16 06:43:18</sys_updated_on>
            <value>true</value>
          </sys_portal_preferences>
          <sys_portal_preferences action="INSERT_OR_UPDATE">
            <name>title_align</name>
            <portal_section display_value="Created 2019-04-16 11:52:04">31eb79d60f7033007e1763cda8767ee0</portal_section>
            <sys_created_by>admin</sys_created_by>
            <sys_created_on>2019-04-16 06:43:18</sys_created_on>
            <sys_id>0dc0021a0f7033007e1763cda8767e95</sys_id>
            <sys_mod_count>0</sys_mod_count>
            <sys_updated_by>admin</sys_updated_by>
            <sys_updated_on>2019-04-16 06:43:18</sys_updated_on>
            <value>left</value>
          </sys_portal_preferences>
          <sys_portal_preferences action="INSERT_OR_UPDATE">
            <name>filter_indicator</name>
            <portal_section display_value="Created 2019-04-16 11:52:04">31eb79d60f7033007e1763cda8767ee0</portal_section>
            <sys_created_by>admin</sys_created_by>
            <sys_created_on>2019-04-16 06:43:18</sys_created_on>
            <sys_id>0dc0021a0f7033007e1763cda8767e96</sys_id>
            <sys_mod_count>0</sys_mod_count>
            <sys_updated_by>admin</sys_updated_by>
            <sys_updated_on>2019-04-16 06:43:18</sys_updated_on>
            <value>true</value>
          </sys_portal_preferences>
          <sys_portal_preferences action="INSERT_OR_UPDATE">
            <name>sys_id</name>
            <portal_section display_value="Created 2019-04-16 11:52:04">31eb79d60f7033007e1763cda8767ee0</portal_section>
            <sys_created_by>admin</sys_created_by>
            <sys_created_on>2019-04-16 06:22:04</sys_created_on>
            <sys_id>35eb79d60f7033007e1763cda8767ee0</sys_id>
            <sys_mod_count>0</sys_mod_count>
            <sys_updated_by>admin</sys_updated_by>
            <sys_updated_on>2019-04-16 06:22:04</sys_updated_on>
            <value>f1a828080f9833007e1763cda8767e20</value>
          </sys_portal_preferences>
          <sys_portal_preferences action="INSERT_OR_UPDATE">
            <name>help_text_window</name>
            <portal_section display_value="Created 2019-04-16 11:52:04">31eb79d60f7033007e1763cda8767ee0</portal_section>
            <sys_created_by>admin</sys_created_by>
            <sys_created_on>2019-04-16 06:22:04</sys_created_on>
            <sys_id>3deb79d60f7033007e1763cda8767ee0</sys_id>
            <sys_mod_count>0</sys_mod_count>
            <sys_updated_by>admin</sys_updated_by>
            <sys_updated_on>2019-04-16 06:22:04</sys_updated_on>
            <value>report_widget_description</value>
          </sys_portal_preferences>
          <sys_portal_preferences action="INSERT_OR_UPDATE">
            <name>title</name>
            <portal_section display_value="Created 2019-04-16 11:52:04">31eb79d60f7033007e1763cda8767ee0</portal_section>
            <sys_created_by>admin</sys_created_by>
            <sys_created_on>2019-04-16 06:22:04</sys_created_on>
            <sys_id>75eb79d60f7033007e1763cda8767ee1</sys_id>
            <sys_mod_count>0</sys_mod_count>
            <sys_updated_by>admin</sys_updated_by>
            <sys_updated_on>2019-04-16 06:22:04</sys_updated_on>
            <value>Applicants Overview Table</value>
          </sys_portal_preferences>
          <sys_portal_preferences action="INSERT_OR_UPDATE">
            <name>renderer</name>
            <portal_section display_value="Created 2019-04-16 11:52:04">31eb79d60f7033007e1763cda8767ee0</portal_section>
            <sys_created_by>admin</sys_created_by>
            <sys_created_on>2019-04-16 06:22:04</sys_created_on>
            <sys_id>79eb79d60f7033007e1763cda8767ee0</sys_id>
            <sys_mod_count>0</sys_mod_count>
            <sys_updated_by>admin</sys_updated_by>
            <sys_updated_on>2019-04-16 06:22:04</sys_updated_on>
            <value>com.glide.ui.portal.RenderReport</value>
          </sys_portal_preferences>
          <sys_portal_preferences action="INSERT_OR_UPDATE">
            <name>report_type</name>
            <portal_section display_value="Created 2019-04-16 11:52:04">31eb79d60f7033007e1763cda8767ee0</portal_section>
            <sys_created_by>admin</sys_created_by>
            <sys_created_on>2019-04-16 06:22:04</sys_created_on>
            <sys_id>b1eb79d60f7033007e1763cda8767ee1</sys_id>
            <sys_mod_count>0</sys_mod_count>
            <sys_updated_by>admin</sys_updated_by>
            <sys_updated_on>2019-04-16 06:22:04</sys_updated_on>
            <value>pivot_v2</value>
          </sys_portal_preferences>
          <sys_portal_preferences action="INSERT_OR_UPDATE">
            <name>can_subscribe</name>
            <portal_section display_value="Created 2019-04-16 11:52:04">31eb79d60f7033007e1763cda8767ee0</portal_section>
            <sys_created_by>admin</sys_created_by>
            <sys_created_on>2019-04-16 06:22:04</sys_created_on>
            <sys_id>fdeb79d60f7033007e1763cda8767ee0</sys_id>
            <sys_mod_count>0</sys_mod_count>
            <sys_updated_by>admin</sys_updated_by>
            <sys_updated_on>2019-04-16 06:22:04</sys_updated_on>
            <value>true</value>
          </sys_portal_preferences>
        </related_items_node>
      </sys_portal>
      <sys_portal action="INSERT_OR_UPDATE">
        <dropzone/>
        <offset/>
        <page display_value="PA Tab">f3a6f5960f7033007e1763cda8767e6e</page>
        <summary>Applicants Overview Bar</summary>
        <sys_created_by>admin</sys_created_by>
        <sys_created_on>2019-04-16 06:21:42</sys_created_on>
        <sys_id>60db39960f7033007e1763cda8767ed3</sys_id>
        <sys_mod_count>1</sys_mod_count>
        <sys_updated_by>admin</sys_updated_by>
        <sys_updated_on>2019-04-16 06:21:42</sys_updated_on>
        <related_items_node>
          <sys_portal_preferences action="INSERT_OR_UPDATE">
            <name>can_subscribe</name>
            <portal_section display_value="Created 2019-04-16 11:51:42">60db39960f7033007e1763cda8767ed3</portal_section>
            <sys_created_by>admin</sys_created_by>
            <sys_created_on>2019-04-16 06:21:42</sys_created_on>
            <sys_id>20db39960f7033007e1763cda8767ed4</sys_id>
            <sys_mod_count>0</sys_mod_count>
            <sys_updated_by>admin</sys_updated_by>
            <sys_updated_on>2019-04-16 06:21:42</sys_updated_on>
            <value>true</value>
          </sys_portal_preferences>
          <sys_portal_preferences action="INSERT_OR_UPDATE">
            <name>sys_id</name>
            <portal_section display_value="Created 2019-04-16 11:51:42">60db39960f7033007e1763cda8767ed3</portal_section>
            <sys_created_by>admin</sys_created_by>
            <sys_created_on>2019-04-16 06:21:42</sys_created_on>
            <sys_id>64db39960f7033007e1763cda8767ed3</sys_id>
            <sys_mod_count>0</sys_mod_count>
            <sys_updated_by>admin</sys_updated_by>
            <sys_updated_on>2019-04-16 06:21:42</sys_updated_on>
            <value>48a760080f9833007e1763cda8767e51</value>
          </sys_portal_preferences>
          <sys_portal_preferences action="INSERT_OR_UPDATE">
            <name>help_text_window</name>
            <portal_section display_value="Created 2019-04-16 11:51:42">60db39960f7033007e1763cda8767ed3</portal_section>
            <sys_created_by>admin</sys_created_by>
            <sys_created_on>2019-04-16 06:21:42</sys_created_on>
            <sys_id>6cdb39960f7033007e1763cda8767ed3</sys_id>
            <sys_mod_count>0</sys_mod_count>
            <sys_updated_by>admin</sys_updated_by>
            <sys_updated_on>2019-04-16 06:21:42</sys_updated_on>
            <value>report_widget_description</value>
          </sys_portal_preferences>
          <sys_portal_preferences action="INSERT_OR_UPDATE">
            <name>show_header</name>
            <portal_section display_value="Created 2019-04-16 11:51:42">60db39960f7033007e1763cda8767ed3</portal_section>
            <sys_created_by>admin</sys_created_by>
            <sys_created_on>2019-04-16 06:43:14</sys_created_on>
            <sys_id>80c04e1a0f7033007e1763cda8767e90</sys_id>
            <sys_mod_count>0</sys_mod_count>
            <sys_updated_by>admin</sys_updated_by>
            <sys_updated_on>2019-04-16 06:43:14</sys_updated_on>
            <value>true</value>
          </sys_portal_preferences>
          <sys_portal_preferences action="INSERT_OR_UPDATE">
            <name>subscriber_widget</name>
            <portal_section display_value="Created 2019-04-16 11:51:42">60db39960f7033007e1763cda8767ed3</portal_section>
            <sys_created_by>admin</sys_created_by>
            <sys_created_on>2019-04-16 06:43:14</sys_created_on>
            <sys_id>80c04e1a0f7033007e1763cda8767e91</sys_id>
            <sys_mod_count>0</sys_mod_count>
            <sys_updated_by>admin</sys_updated_by>
            <sys_updated_on>2019-04-16 06:43:14</sys_updated_on>
            <value>true</value>
          </sys_portal_preferences>
          <sys_portal_preferences action="INSERT_OR_UPDATE">
            <name>title_align</name>
            <portal_section display_value="Created 2019-04-16 11:51:42">60db39960f7033007e1763cda8767ed3</portal_section>
            <sys_created_by>admin</sys_created_by>
            <sys_created_on>2019-04-16 06:43:14</sys_created_on>
            <sys_id>84c04e1a0f7033007e1763cda8767e90</sys_id>
            <sys_mod_count>0</sys_mod_count>
            <sys_updated_by>admin</sys_updated_by>
            <sys_updated_on>2019-04-16 06:43:14</sys_updated_on>
            <value>left</value>
          </sys_portal_preferences>
          <sys_portal_preferences action="INSERT_OR_UPDATE">
            <name>filter_indicator</name>
            <portal_section display_value="Created 2019-04-16 11:51:42">60db39960f7033007e1763cda8767ed3</portal_section>
            <sys_created_by>admin</sys_created_by>
            <sys_created_on>2019-04-16 06:43:14</sys_created_on>
            <sys_id>84c04e1a0f7033007e1763cda8767e91</sys_id>
            <sys_mod_count>0</sys_mod_count>
            <sys_updated_by>admin</sys_updated_by>
            <sys_updated_on>2019-04-16 06:43:14</sys_updated_on>
            <value>true</value>
          </sys_portal_preferences>
          <sys_portal_preferences action="INSERT_OR_UPDATE">
            <name>show_border</name>
            <portal_section display_value="Created 2019-04-16 11:51:42">60db39960f7033007e1763cda8767ed3</portal_section>
            <sys_created_by>admin</sys_created_by>
            <sys_created_on>2019-04-16 06:43:14</sys_created_on>
            <sys_id>88c04e1a0f7033007e1763cda8767e90</sys_id>
            <sys_mod_count>1</sys_mod_count>
            <sys_updated_by>admin</sys_updated_by>
            <sys_updated_on>2019-04-30 10:38:32</sys_updated_on>
            <value>false</value>
          </sys_portal_preferences>
          <sys_portal_preferences action="INSERT_OR_UPDATE">
            <name>real_time</name>
            <portal_section display_value="Created 2019-04-16 11:51:42">60db39960f7033007e1763cda8767ed3</portal_section>
            <sys_created_by>admin</sys_created_by>
            <sys_created_on>2019-04-16 06:43:14</sys_created_on>
            <sys_id>88c04e1a0f7033007e1763cda8767e91</sys_id>
            <sys_mod_count>0</sys_mod_count>
            <sys_updated_by>admin</sys_updated_by>
            <sys_updated_on>2019-04-16 06:43:14</sys_updated_on>
            <value>false</value>
          </sys_portal_preferences>
          <sys_portal_preferences action="INSERT_OR_UPDATE">
            <name>publisher_widget</name>
            <portal_section display_value="Created 2019-04-16 11:51:42">60db39960f7033007e1763cda8767ed3</portal_section>
            <sys_created_by>admin</sys_created_by>
            <sys_created_on>2019-04-16 06:43:14</sys_created_on>
            <sys_id>8cc04e1a0f7033007e1763cda8767e90</sys_id>
            <sys_mod_count>0</sys_mod_count>
            <sys_updated_by>admin</sys_updated_by>
            <sys_updated_on>2019-04-16 06:43:14</sys_updated_on>
            <value>false</value>
          </sys_portal_preferences>
          <sys_portal_preferences action="INSERT_OR_UPDATE">
            <name>title</name>
            <portal_section display_value="Created 2019-04-16 11:51:42">60db39960f7033007e1763cda8767ed3</portal_section>
            <sys_created_by>admin</sys_created_by>
            <sys_created_on>2019-04-16 06:21:42</sys_created_on>
            <sys_id>a4db39960f7033007e1763cda8767ed4</sys_id>
            <sys_mod_count>0</sys_mod_count>
            <sys_updated_by>admin</sys_updated_by>
            <sys_updated_on>2019-04-16 06:21:42</sys_updated_on>
            <value>Applicants Overview Bar</value>
          </sys_portal_preferences>
          <sys_portal_preferences action="INSERT_OR_UPDATE">
            <name>renderer</name>
            <portal_section display_value="Created 2019-04-16 11:51:42">60db39960f7033007e1763cda8767ed3</portal_section>
            <sys_created_by>admin</sys_created_by>
            <sys_created_on>2019-04-16 06:21:42</sys_created_on>
            <sys_id>a8db39960f7033007e1763cda8767ed3</sys_id>
            <sys_mod_count>0</sys_mod_count>
            <sys_updated_by>admin</sys_updated_by>
            <sys_updated_on>2019-04-16 06:21:42</sys_updated_on>
            <value>com.glide.ui.portal.RenderReport</value>
          </sys_portal_preferences>
          <sys_portal_preferences action="INSERT_OR_UPDATE">
            <name>show_title</name>
            <portal_section display_value="Created 2019-04-16 11:51:42">60db39960f7033007e1763cda8767ed3</portal_section>
            <sys_created_by>admin</sys_created_by>
            <sys_created_on>2019-04-16 06:43:14</sys_created_on>
            <sys_id>c4c0021a0f7033007e1763cda8767e4c</sys_id>
            <sys_mod_count>1</sys_mod_count>
            <sys_updated_by>admin</sys_updated_by>
            <sys_updated_on>2019-05-02 05:21:51</sys_updated_on>
            <value>false</value>
          </sys_portal_preferences>
          <sys_portal_preferences action="INSERT_OR_UPDATE">
            <name>report_type</name>
            <portal_section display_value="Created 2019-04-16 11:51:42">60db39960f7033007e1763cda8767ed3</portal_section>
            <sys_created_by>admin</sys_created_by>
            <sys_created_on>2019-04-16 06:21:42</sys_created_on>
            <sys_id>e0db39960f7033007e1763cda8767ed4</sys_id>
            <sys_mod_count>0</sys_mod_count>
            <sys_updated_by>admin</sys_updated_by>
            <sys_updated_on>2019-04-16 06:21:42</sys_updated_on>
            <value>bar</value>
          </sys_portal_preferences>
        </related_items_node>
      </sys_portal>
      <sys_portal action="INSERT_OR_UPDATE">
        <dropzone/>
        <offset/>
        <page display_value="PA Tab">f3a6f5960f7033007e1763cda8767e6e</page>
        <summary>Event Filter</summary>
        <sys_created_by>admin</sys_created_by>
        <sys_created_on>2019-04-16 06:20:31</sys_created_on>
        <sys_id>8f8b79960f7033007e1763cda8767e21</sys_id>
        <sys_mod_count>1</sys_mod_count>
        <sys_updated_by>admin</sys_updated_by>
        <sys_updated_on>2019-04-16 06:20:31</sys_updated_on>
        <related_items_node>
          <sys_portal_preferences action="INSERT_OR_UPDATE">
            <name>show_header</name>
            <portal_section display_value="Created 2019-04-16 11:50:31">8f8b79960f7033007e1763cda8767e21</portal_section>
            <sys_created_by>admin</sys_created_by>
            <sys_created_on>2019-04-30 10:36:16</sys_created_on>
            <sys_id>025cbab60f4133007e1763cda8767ef1</sys_id>
            <sys_mod_count>0</sys_mod_count>
            <sys_updated_by>admin</sys_updated_by>
            <sys_updated_on>2019-04-30 10:36:16</sys_updated_on>
            <value>true</value>
          </sys_portal_preferences>
          <sys_portal_preferences action="INSERT_OR_UPDATE">
            <name>title_align</name>
            <portal_section display_value="Created 2019-04-16 11:50:31">8f8b79960f7033007e1763cda8767e21</portal_section>
            <sys_created_by>admin</sys_created_by>
            <sys_created_on>2019-04-30 10:36:16</sys_created_on>
            <sys_id>065cbab60f4133007e1763cda8767ef1</sys_id>
            <sys_mod_count>0</sys_mod_count>
            <sys_updated_by>admin</sys_updated_by>
            <sys_updated_on>2019-04-30 10:36:16</sys_updated_on>
            <value>left</value>
          </sys_portal_preferences>
          <sys_portal_preferences action="INSERT_OR_UPDATE">
            <name>show_border</name>
            <portal_section display_value="Created 2019-04-16 11:50:31">8f8b79960f7033007e1763cda8767e21</portal_section>
            <sys_created_by>admin</sys_created_by>
            <sys_created_on>2019-04-30 10:36:16</sys_created_on>
            <sys_id>0a5cbab60f4133007e1763cda8767ef1</sys_id>
            <sys_mod_count>2</sys_mod_count>
            <sys_updated_by>admin</sys_updated_by>
            <sys_updated_on>2019-04-30 11:01:31</sys_updated_on>
            <value>false</value>
          </sys_portal_preferences>
          <sys_portal_preferences action="INSERT_OR_UPDATE">
            <name>renderer</name>
            <portal_section display_value="Created 2019-04-16 11:50:31">8f8b79960f7033007e1763cda8767e21</portal_section>
            <sys_created_by>admin</sys_created_by>
            <sys_created_on>2019-04-16 06:20:31</sys_created_on>
            <sys_id>0b8b79960f7033007e1763cda8767e22</sys_id>
            <sys_mod_count>0</sys_mod_count>
            <sys_updated_by>admin</sys_updated_by>
            <sys_updated_on>2019-04-16 06:20:31</sys_updated_on>
            <value>com.glideapp.home.RenderHomepagePublishers</value>
          </sys_portal_preferences>
          <sys_portal_preferences action="INSERT_OR_UPDATE">
            <name>title</name>
            <portal_section display_value="Created 2019-04-16 11:50:31">8f8b79960f7033007e1763cda8767e21</portal_section>
            <sys_created_by>admin</sys_created_by>
            <sys_created_on>2019-04-16 06:20:31</sys_created_on>
            <sys_id>538b79960f7033007e1763cda8767e23</sys_id>
            <sys_mod_count>0</sys_mod_count>
            <sys_updated_by>admin</sys_updated_by>
            <sys_updated_on>2019-04-16 06:20:31</sys_updated_on>
            <value>Event Filter</value>
          </sys_portal_preferences>
          <sys_portal_preferences action="INSERT_OR_UPDATE">
            <name>type</name>
            <portal_section display_value="Created 2019-04-16 11:50:31">8f8b79960f7033007e1763cda8767e21</portal_section>
            <sys_created_by>admin</sys_created_by>
            <sys_created_on>2019-04-16 06:20:31</sys_created_on>
            <sys_id>5f8b79960f7033007e1763cda8767e23</sys_id>
            <sys_mod_count>0</sys_mod_count>
            <sys_updated_by>admin</sys_updated_by>
            <sys_updated_on>2019-04-16 06:20:31</sys_updated_on>
            <value>2</value>
          </sys_portal_preferences>
          <sys_portal_preferences action="INSERT_OR_UPDATE">
            <name>filter_indicator</name>
            <portal_section display_value="Created 2019-04-16 11:50:31">8f8b79960f7033007e1763cda8767e21</portal_section>
            <sys_created_by>admin</sys_created_by>
            <sys_created_on>2019-04-30 10:36:16</sys_created_on>
            <sys_id>825cbab60f4133007e1763cda8767ef2</sys_id>
            <sys_mod_count>0</sys_mod_count>
            <sys_updated_by>admin</sys_updated_by>
            <sys_updated_on>2019-04-30 10:36:16</sys_updated_on>
            <value>false</value>
          </sys_portal_preferences>
          <sys_portal_preferences action="INSERT_OR_UPDATE">
            <name>show_title</name>
            <portal_section display_value="Created 2019-04-16 11:50:31">8f8b79960f7033007e1763cda8767e21</portal_section>
            <sys_created_by>admin</sys_created_by>
            <sys_created_on>2019-04-30 10:36:16</sys_created_on>
            <sys_id>865cbab60f4133007e1763cda8767ef0</sys_id>
            <sys_mod_count>0</sys_mod_count>
            <sys_updated_by>admin</sys_updated_by>
            <sys_updated_on>2019-04-30 10:36:16</sys_updated_on>
            <value>true</value>
          </sys_portal_preferences>
          <sys_portal_preferences action="INSERT_OR_UPDATE">
            <name>real_time</name>
            <portal_section display_value="Created 2019-04-16 11:50:31">8f8b79960f7033007e1763cda8767e21</portal_section>
            <sys_created_by>admin</sys_created_by>
            <sys_created_on>2019-04-30 10:36:16</sys_created_on>
            <sys_id>865cbab60f4133007e1763cda8767ef2</sys_id>
            <sys_mod_count>0</sys_mod_count>
            <sys_updated_by>admin</sys_updated_by>
            <sys_updated_on>2019-04-30 10:36:16</sys_updated_on>
            <value>false</value>
          </sys_portal_preferences>
          <sys_portal_preferences action="INSERT_OR_UPDATE">
            <name>subscriber_widget</name>
            <portal_section display_value="Created 2019-04-16 11:50:31">8f8b79960f7033007e1763cda8767e21</portal_section>
            <sys_created_by>admin</sys_created_by>
            <sys_created_on>2019-04-30 10:36:16</sys_created_on>
            <sys_id>8e5cbab60f4133007e1763cda8767ef1</sys_id>
            <sys_mod_count>0</sys_mod_count>
            <sys_updated_by>admin</sys_updated_by>
            <sys_updated_on>2019-04-30 10:36:16</sys_updated_on>
            <value>false</value>
          </sys_portal_preferences>
          <sys_portal_preferences action="INSERT_OR_UPDATE">
            <name>publisher_widget</name>
            <portal_section display_value="Created 2019-04-16 11:50:31">8f8b79960f7033007e1763cda8767e21</portal_section>
            <sys_created_by>admin</sys_created_by>
            <sys_created_on>2019-04-16 06:20:31</sys_created_on>
            <sys_id>9f8b79960f7033007e1763cda8767e22</sys_id>
            <sys_mod_count>0</sys_mod_count>
            <sys_updated_by>admin</sys_updated_by>
            <sys_updated_on>2019-04-16 06:20:31</sys_updated_on>
            <value>true</value>
          </sys_portal_preferences>
          <sys_portal_preferences action="INSERT_OR_UPDATE">
            <name>sys_id</name>
            <portal_section display_value="Created 2019-04-16 11:50:31">8f8b79960f7033007e1763cda8767e21</portal_section>
            <sys_created_by>admin</sys_created_by>
            <sys_created_on>2019-04-16 06:20:31</sys_created_on>
            <sys_id>c38b79960f7033007e1763cda8767e22</sys_id>
            <sys_mod_count>0</sys_mod_count>
            <sys_updated_by>admin</sys_updated_by>
            <sys_updated_on>2019-04-16 06:20:31</sys_updated_on>
            <value>b2dc25860f3033007e1763cda8767e63</value>
          </sys_portal_preferences>
          <sys_portal_preferences action="INSERT_OR_UPDATE">
            <name>can_publish</name>
            <portal_section display_value="Created 2019-04-16 11:50:31">8f8b79960f7033007e1763cda8767e21</portal_section>
            <sys_created_by>admin</sys_created_by>
            <sys_created_on>2019-04-16 06:20:31</sys_created_on>
            <sys_id>db8b79960f7033007e1763cda8767e22</sys_id>
            <sys_mod_count>0</sys_mod_count>
            <sys_updated_by>admin</sys_updated_by>
            <sys_updated_on>2019-04-16 06:20:31</sys_updated_on>
            <value>true</value>
          </sys_portal_preferences>
        </related_items_node>
      </sys_portal>
      <sys_portal action="INSERT_OR_UPDATE">
        <dropzone/>
        <offset/>
        <page display_value="PA Tab">f3a6f5960f7033007e1763cda8767e6e</page>
        <summary>Interview Types</summary>
        <sys_created_by>admin</sys_created_by>
        <sys_created_on>2020-02-11 18:51:45</sys_created_on>
        <sys_id>d20e2e5f73f2c0107e88ef66fbf6a7c8</sys_id>
        <sys_mod_count>1</sys_mod_count>
        <sys_updated_by>admin</sys_updated_by>
        <sys_updated_on>2020-02-11 18:51:45</sys_updated_on>
        <related_items_node>
          <sys_portal_preferences action="INSERT_OR_UPDATE">
            <name>can_subscribe</name>
            <portal_section display_value="Created 2020-02-12 00:21:45">d20e2e5f73f2c0107e88ef66fbf6a7c8</portal_section>
            <sys_created_by>admin</sys_created_by>
            <sys_created_on>2020-02-11 18:51:45</sys_created_on>
            <sys_id>120e2e5f73f2c0107e88ef66fbf6a7c9</sys_id>
            <sys_mod_count>0</sys_mod_count>
            <sys_updated_by>admin</sys_updated_by>
            <sys_updated_on>2020-02-11 18:51:45</sys_updated_on>
            <value>true</value>
          </sys_portal_preferences>
          <sys_portal_preferences action="INSERT_OR_UPDATE">
            <name>title_align</name>
            <portal_section display_value="Created 2020-02-12 00:21:45">d20e2e5f73f2c0107e88ef66fbf6a7c8</portal_section>
            <sys_created_by>admin</sys_created_by>
            <sys_created_on>2020-02-11 18:55:03</sys_created_on>
            <sys_id>32ceea977336c0107e88ef66fbf6a79c</sys_id>
            <sys_mod_count>0</sys_mod_count>
            <sys_updated_by>admin</sys_updated_by>
            <sys_updated_on>2020-02-11 18:55:03</sys_updated_on>
            <value>left</value>
          </sys_portal_preferences>
          <sys_portal_preferences action="INSERT_OR_UPDATE">
            <name>filter_indicator</name>
            <portal_section display_value="Created 2020-02-12 00:21:45">d20e2e5f73f2c0107e88ef66fbf6a7c8</portal_section>
            <sys_created_by>admin</sys_created_by>
            <sys_created_on>2020-02-11 18:55:03</sys_created_on>
            <sys_id>32ceea977336c0107e88ef66fbf6a79d</sys_id>
            <sys_mod_count>1</sys_mod_count>
            <sys_updated_by>admin</sys_updated_by>
            <sys_updated_on>2020-02-11 18:56:34</sys_updated_on>
            <value>true</value>
          </sys_portal_preferences>
          <sys_portal_preferences action="INSERT_OR_UPDATE">
            <name>show_border</name>
            <portal_section display_value="Created 2020-02-12 00:21:45">d20e2e5f73f2c0107e88ef66fbf6a7c8</portal_section>
            <sys_created_by>admin</sys_created_by>
            <sys_created_on>2020-02-11 18:55:03</sys_created_on>
            <sys_id>36ceea977336c0107e88ef66fbf6a79c</sys_id>
            <sys_mod_count>0</sys_mod_count>
            <sys_updated_by>admin</sys_updated_by>
            <sys_updated_on>2020-02-11 18:55:03</sys_updated_on>
            <value>false</value>
          </sys_portal_preferences>
          <sys_portal_preferences action="INSERT_OR_UPDATE">
            <name>real_time</name>
            <portal_section display_value="Created 2020-02-12 00:21:45">d20e2e5f73f2c0107e88ef66fbf6a7c8</portal_section>
            <sys_created_by>admin</sys_created_by>
            <sys_created_on>2020-02-11 18:55:03</sys_created_on>
            <sys_id>36ceea977336c0107e88ef66fbf6a79d</sys_id>
            <sys_mod_count>0</sys_mod_count>
            <sys_updated_by>admin</sys_updated_by>
            <sys_updated_on>2020-02-11 18:55:03</sys_updated_on>
            <value>false</value>
          </sys_portal_preferences>
          <sys_portal_preferences action="INSERT_OR_UPDATE">
            <name>show_title</name>
            <portal_section display_value="Created 2020-02-12 00:21:45">d20e2e5f73f2c0107e88ef66fbf6a7c8</portal_section>
            <sys_created_by>admin</sys_created_by>
            <sys_created_on>2020-02-11 18:55:03</sys_created_on>
            <sys_id>3aceea977336c0107e88ef66fbf6a79b</sys_id>
            <sys_mod_count>0</sys_mod_count>
            <sys_updated_by>admin</sys_updated_by>
            <sys_updated_on>2020-02-11 18:55:03</sys_updated_on>
            <value>true</value>
          </sys_portal_preferences>
          <sys_portal_preferences action="INSERT_OR_UPDATE">
            <name>publisher_widget</name>
            <portal_section display_value="Created 2020-02-12 00:21:45">d20e2e5f73f2c0107e88ef66fbf6a7c8</portal_section>
            <sys_created_by>admin</sys_created_by>
            <sys_created_on>2020-02-11 18:55:03</sys_created_on>
            <sys_id>3aceea977336c0107e88ef66fbf6a79c</sys_id>
            <sys_mod_count>0</sys_mod_count>
            <sys_updated_by>admin</sys_updated_by>
            <sys_updated_on>2020-02-11 18:55:03</sys_updated_on>
            <value>false</value>
          </sys_portal_preferences>
          <sys_portal_preferences action="INSERT_OR_UPDATE">
            <name>show_header</name>
            <portal_section display_value="Created 2020-02-12 00:21:45">d20e2e5f73f2c0107e88ef66fbf6a7c8</portal_section>
            <sys_created_by>admin</sys_created_by>
            <sys_created_on>2020-02-11 18:55:03</sys_created_on>
            <sys_id>3eceea977336c0107e88ef66fbf6a79b</sys_id>
            <sys_mod_count>0</sys_mod_count>
            <sys_updated_by>admin</sys_updated_by>
            <sys_updated_on>2020-02-11 18:55:03</sys_updated_on>
            <value>true</value>
          </sys_portal_preferences>
          <sys_portal_preferences action="INSERT_OR_UPDATE">
            <name>subscriber_widget</name>
            <portal_section display_value="Created 2020-02-12 00:21:45">d20e2e5f73f2c0107e88ef66fbf6a7c8</portal_section>
            <sys_created_by>admin</sys_created_by>
            <sys_created_on>2020-02-11 18:55:03</sys_created_on>
            <sys_id>3eceea977336c0107e88ef66fbf6a79c</sys_id>
            <sys_mod_count>1</sys_mod_count>
            <sys_updated_by>admin</sys_updated_by>
            <sys_updated_on>2020-02-11 18:56:34</sys_updated_on>
            <value>true</value>
          </sys_portal_preferences>
          <sys_portal_preferences action="INSERT_OR_UPDATE">
            <name>sys_id</name>
            <portal_section display_value="Created 2020-02-12 00:21:45">d20e2e5f73f2c0107e88ef66fbf6a7c8</portal_section>
            <sys_created_by>admin</sys_created_by>
            <sys_created_on>2020-02-11 18:51:45</sys_created_on>
            <sys_id>560e2e5f73f2c0107e88ef66fbf6a7c8</sys_id>
            <sys_mod_count>0</sys_mod_count>
            <sys_updated_by>admin</sys_updated_by>
            <sys_updated_on>2020-02-11 18:51:45</sys_updated_on>
            <value>988d52df73be80107e88ef66fbf6a7c5</value>
          </sys_portal_preferences>
          <sys_portal_preferences action="INSERT_OR_UPDATE">
            <name>help_text_window</name>
            <portal_section display_value="Created 2020-02-12 00:21:45">d20e2e5f73f2c0107e88ef66fbf6a7c8</portal_section>
            <sys_created_by>admin</sys_created_by>
            <sys_created_on>2020-02-11 18:51:45</sys_created_on>
            <sys_id>5e0e2e5f73f2c0107e88ef66fbf6a7c8</sys_id>
            <sys_mod_count>0</sys_mod_count>
            <sys_updated_by>admin</sys_updated_by>
            <sys_updated_on>2020-02-11 18:51:45</sys_updated_on>
            <value>report_widget_description</value>
          </sys_portal_preferences>
          <sys_portal_preferences action="INSERT_OR_UPDATE">
            <name>title</name>
            <portal_section display_value="Created 2020-02-12 00:21:45">d20e2e5f73f2c0107e88ef66fbf6a7c8</portal_section>
            <sys_created_by>admin</sys_created_by>
            <sys_created_on>2020-02-11 18:51:45</sys_created_on>
            <sys_id>960e2e5f73f2c0107e88ef66fbf6a7c9</sys_id>
            <sys_mod_count>0</sys_mod_count>
            <sys_updated_by>admin</sys_updated_by>
            <sys_updated_on>2020-02-11 18:51:45</sys_updated_on>
            <value>Interview Types</value>
          </sys_portal_preferences>
          <sys_portal_preferences action="INSERT_OR_UPDATE">
            <name>renderer</name>
            <portal_section display_value="Created 2020-02-12 00:21:45">d20e2e5f73f2c0107e88ef66fbf6a7c8</portal_section>
            <sys_created_by>admin</sys_created_by>
            <sys_created_on>2020-02-11 18:51:45</sys_created_on>
            <sys_id>9a0e2e5f73f2c0107e88ef66fbf6a7c8</sys_id>
            <sys_mod_count>0</sys_mod_count>
            <sys_updated_by>admin</sys_updated_by>
            <sys_updated_on>2020-02-11 18:51:45</sys_updated_on>
            <value>com.glide.ui.portal.RenderReport</value>
          </sys_portal_preferences>
          <sys_portal_preferences action="INSERT_OR_UPDATE">
            <name>report_type</name>
            <portal_section display_value="Created 2020-02-12 00:21:45">d20e2e5f73f2c0107e88ef66fbf6a7c8</portal_section>
            <sys_created_by>admin</sys_created_by>
            <sys_created_on>2020-02-11 18:51:45</sys_created_on>
            <sys_id>d20e2e5f73f2c0107e88ef66fbf6a7c9</sys_id>
            <sys_mod_count>0</sys_mod_count>
            <sys_updated_by>admin</sys_updated_by>
            <sys_updated_on>2020-02-11 18:51:45</sys_updated_on>
            <value>bar</value>
          </sys_portal_preferences>
        </related_items_node>
      </sys_portal>
      <sys_portal action="INSERT_OR_UPDATE">
        <dropzone/>
        <offset/>
        <page display_value="PA Tab">f3a6f5960f7033007e1763cda8767e6e</page>
        <summary>Event Date Filter</summary>
        <sys_created_by>admin</sys_created_by>
        <sys_created_on>2019-04-30 12:00:37</sys_created_on>
        <sys_id>e5af83fa0f4133007e1763cda8767ef4</sys_id>
        <sys_mod_count>1</sys_mod_count>
        <sys_updated_by>admin</sys_updated_by>
        <sys_updated_on>2019-04-30 12:00:37</sys_updated_on>
        <related_items_node>
          <sys_portal_preferences action="INSERT_OR_UPDATE">
            <name>sys_id</name>
            <portal_section display_value="Created 2019-04-30 17:30:37">e5af83fa0f4133007e1763cda8767ef4</portal_section>
            <sys_created_by>admin</sys_created_by>
            <sys_created_on>2019-04-30 12:00:37</sys_created_on>
            <sys_id>21af83fa0f4133007e1763cda8767ef5</sys_id>
            <sys_mod_count>0</sys_mod_count>
            <sys_updated_by>admin</sys_updated_by>
            <sys_updated_on>2019-04-30 12:00:37</sys_updated_on>
            <value>bb0f4fba0f4133007e1763cda8767ec0</value>
          </sys_portal_preferences>
          <sys_portal_preferences action="INSERT_OR_UPDATE">
            <name>type</name>
            <portal_section display_value="Created 2019-04-30 17:30:37">e5af83fa0f4133007e1763cda8767ef4</portal_section>
            <sys_created_by>admin</sys_created_by>
            <sys_created_on>2019-04-30 12:00:37</sys_created_on>
            <sys_id>25af83fa0f4133007e1763cda8767ef6</sys_id>
            <sys_mod_count>0</sys_mod_count>
            <sys_updated_by>admin</sys_updated_by>
            <sys_updated_on>2019-04-30 12:00:37</sys_updated_on>
            <value>3</value>
          </sys_portal_preferences>
          <sys_portal_preferences action="INSERT_OR_UPDATE">
            <name>can_publish</name>
            <portal_section display_value="Created 2019-04-30 17:30:37">e5af83fa0f4133007e1763cda8767ef4</portal_section>
            <sys_created_by>admin</sys_created_by>
            <sys_created_on>2019-04-30 12:00:37</sys_created_on>
            <sys_id>29af83fa0f4133007e1763cda8767ef5</sys_id>
            <sys_mod_count>0</sys_mod_count>
            <sys_updated_by>admin</sys_updated_by>
            <sys_updated_on>2019-04-30 12:00:37</sys_updated_on>
            <value>true</value>
          </sys_portal_preferences>
          <sys_portal_preferences action="INSERT_OR_UPDATE">
            <name>renderer</name>
            <portal_section display_value="Created 2019-04-30 17:30:37">e5af83fa0f4133007e1763cda8767ef4</portal_section>
            <sys_created_by>admin</sys_created_by>
            <sys_created_on>2019-04-30 12:00:37</sys_created_on>
            <sys_id>65af83fa0f4133007e1763cda8767ef5</sys_id>
            <sys_mod_count>0</sys_mod_count>
            <sys_updated_by>admin</sys_updated_by>
            <sys_updated_on>2019-04-30 12:00:37</sys_updated_on>
            <value>com.glideapp.home.RenderHomepagePublishers</value>
          </sys_portal_preferences>
          <sys_portal_preferences action="INSERT_OR_UPDATE">
            <name>filter_indicator</name>
            <portal_section display_value="Created 2019-04-30 17:30:37">e5af83fa0f4133007e1763cda8767ef4</portal_section>
            <sys_created_by>admin</sys_created_by>
            <sys_created_on>2019-04-30 12:01:51</sys_created_on>
            <sys_id>73ef47fa0f4133007e1763cda8767e44</sys_id>
            <sys_mod_count>0</sys_mod_count>
            <sys_updated_by>admin</sys_updated_by>
            <sys_updated_on>2019-04-30 12:01:51</sys_updated_on>
            <value>false</value>
          </sys_portal_preferences>
          <sys_portal_preferences action="INSERT_OR_UPDATE">
            <name>real_time</name>
            <portal_section display_value="Created 2019-04-30 17:30:37">e5af83fa0f4133007e1763cda8767ef4</portal_section>
            <sys_created_by>admin</sys_created_by>
            <sys_created_on>2019-04-30 12:01:51</sys_created_on>
            <sys_id>77ef47fa0f4133007e1763cda8767e44</sys_id>
            <sys_mod_count>0</sys_mod_count>
            <sys_updated_by>admin</sys_updated_by>
            <sys_updated_on>2019-04-30 12:01:51</sys_updated_on>
            <value>false</value>
          </sys_portal_preferences>
          <sys_portal_preferences action="INSERT_OR_UPDATE">
            <name>subscriber_widget</name>
            <portal_section display_value="Created 2019-04-30 17:30:37">e5af83fa0f4133007e1763cda8767ef4</portal_section>
            <sys_created_by>admin</sys_created_by>
            <sys_created_on>2019-04-30 12:01:51</sys_created_on>
            <sys_id>7fef47fa0f4133007e1763cda8767e43</sys_id>
            <sys_mod_count>0</sys_mod_count>
            <sys_updated_by>admin</sys_updated_by>
            <sys_updated_on>2019-04-30 12:01:51</sys_updated_on>
            <value>false</value>
          </sys_portal_preferences>
          <sys_portal_preferences action="INSERT_OR_UPDATE">
            <name>title</name>
            <portal_section display_value="Created 2019-04-30 17:30:37">e5af83fa0f4133007e1763cda8767ef4</portal_section>
            <sys_created_by>admin</sys_created_by>
            <sys_created_on>2019-04-30 12:00:37</sys_created_on>
            <sys_id>adaf83fa0f4133007e1763cda8767ef5</sys_id>
            <sys_mod_count>0</sys_mod_count>
            <sys_updated_by>admin</sys_updated_by>
            <sys_updated_on>2019-04-30 12:00:37</sys_updated_on>
            <value>Event Date Filter</value>
          </sys_portal_preferences>
          <sys_portal_preferences action="INSERT_OR_UPDATE">
            <name>publisher_widget</name>
            <portal_section display_value="Created 2019-04-30 17:30:37">e5af83fa0f4133007e1763cda8767ef4</portal_section>
            <sys_created_by>admin</sys_created_by>
            <sys_created_on>2019-04-30 12:00:37</sys_created_on>
            <sys_id>e9af83fa0f4133007e1763cda8767ef5</sys_id>
            <sys_mod_count>0</sys_mod_count>
            <sys_updated_by>admin</sys_updated_by>
            <sys_updated_on>2019-04-30 12:00:37</sys_updated_on>
            <value>true</value>
          </sys_portal_preferences>
          <sys_portal_preferences action="INSERT_OR_UPDATE">
            <name>title_align</name>
            <portal_section display_value="Created 2019-04-30 17:30:37">e5af83fa0f4133007e1763cda8767ef4</portal_section>
            <sys_created_by>admin</sys_created_by>
            <sys_created_on>2019-04-30 12:01:51</sys_created_on>
            <sys_id>f3ef47fa0f4133007e1763cda8767e43</sys_id>
            <sys_mod_count>0</sys_mod_count>
            <sys_updated_by>admin</sys_updated_by>
            <sys_updated_on>2019-04-30 12:01:51</sys_updated_on>
            <value>left</value>
          </sys_portal_preferences>
          <sys_portal_preferences action="INSERT_OR_UPDATE">
            <name>show_border</name>
            <portal_section display_value="Created 2019-04-30 17:30:37">e5af83fa0f4133007e1763cda8767ef4</portal_section>
            <sys_created_by>admin</sys_created_by>
            <sys_created_on>2019-04-30 12:01:51</sys_created_on>
            <sys_id>f7ef47fa0f4133007e1763cda8767e43</sys_id>
            <sys_mod_count>0</sys_mod_count>
            <sys_updated_by>admin</sys_updated_by>
            <sys_updated_on>2019-04-30 12:01:51</sys_updated_on>
            <value>false</value>
          </sys_portal_preferences>
          <sys_portal_preferences action="INSERT_OR_UPDATE">
            <name>show_title</name>
            <portal_section display_value="Created 2019-04-30 17:30:37">e5af83fa0f4133007e1763cda8767ef4</portal_section>
            <sys_created_by>admin</sys_created_by>
            <sys_created_on>2019-04-30 12:01:51</sys_created_on>
            <sys_id>fbef47fa0f4133007e1763cda8767e42</sys_id>
            <sys_mod_count>0</sys_mod_count>
            <sys_updated_by>admin</sys_updated_by>
            <sys_updated_on>2019-04-30 12:01:51</sys_updated_on>
            <value>true</value>
          </sys_portal_preferences>
          <sys_portal_preferences action="INSERT_OR_UPDATE">
            <name>show_header</name>
            <portal_section display_value="Created 2019-04-30 17:30:37">e5af83fa0f4133007e1763cda8767ef4</portal_section>
            <sys_created_by>admin</sys_created_by>
            <sys_created_on>2019-04-30 12:01:51</sys_created_on>
            <sys_id>ffef47fa0f4133007e1763cda8767e42</sys_id>
            <sys_mod_count>0</sys_mod_count>
            <sys_updated_by>admin</sys_updated_by>
            <sys_updated_on>2019-04-30 12:01:51</sys_updated_on>
            <value>true</value>
          </sys_portal_preferences>
        </related_items_node>
      </sys_portal>
    </related_items_node>
  </sys_portal_page>
</record_update>
