<?xml version="1.0" encoding="UTF-8"?>
<record_update>
  <sys_documentation element="skill4" label="Communication and Other Traits" language="en" table="sn_hiring_feedback_apps_engineering">
    <sys_documentation action="INSERT_OR_UPDATE">
      <element>skill4</element>
      <help/>
      <hint/>
      <label>Communication and Other Traits</label>
      <language>en</language>
      <name>sn_hiring_feedback_apps_engineering</name>
      <plural>Communication and Other Traits</plural>
      <sys_class_name>sys_documentation</sys_class_name>
      <sys_created_by>admin</sys_created_by>
      <sys_created_on>2020-02-20 17:24:23</sys_created_on>
      <sys_id>a240349e730300107e88ef66fbf6a718</sys_id>
      <sys_mod_count>0</sys_mod_count>
      <sys_name>Communication and Other Traits</sys_name>
      <sys_package display_value="Hiring Feedback" source="sn_hiring_feedback">817f729837831300a128036973990e47</sys_package>
      <sys_policy/>
      <sys_scope display_value="Hiring Feedback">817f729837831300a128036973990e47</sys_scope>
      <sys_update_name>sys_documentation_sn_hiring_feedback_apps_engineering_skill4_en</sys_update_name>
      <sys_updated_by>admin</sys_updated_by>
      <sys_updated_on>2020-02-20 17:24:23</sys_updated_on>
      <url/>
      <url_target/>
    </sys_documentation>
  </sys_documentation>
</record_update>
