<?xml version="1.0" encoding="UTF-8"?><record_update table="sys_properties">
  <sys_properties action="INSERT_OR_UPDATE">
    <choices>aspen&#13;
berlin&#13;
calgary</choices>
    <description>Version of Zing currently used by the instance</description>
    <ignore_cache>false</ignore_cache>
    <is_private>true</is_private>
    <name>glide.ts.version</name>
    <read_roles/>
    <suffix/>
    <sys_class_name>sys_properties</sys_class_name>
    <sys_created_by>system</sys_created_by>
    <sys_created_on>2012-09-25 22:57:45</sys_created_on>
    <sys_id>f5b17cc4c33030006568506adfba8f11</sys_id>
    <sys_mod_count>6</sys_mod_count>
    <sys_name>glide.ts.version</sys_name>
    <sys_package display_value="Reporting" source="com.glideapp.report">1f0c1b70b73323008fee6f28ee11a998</sys_package>
    <sys_policy/>
    <sys_scope display_value="Global">global</sys_scope>
    <sys_update_name>sys_properties_f5b17cc4c33030006568506adfba8f11</sys_update_name>
    <sys_updated_by>system</sys_updated_by>
    <sys_updated_on>2019-02-21 05:07:32</sys_updated_on>
    <type>string</type>
    <value>calgary</value>
    <write_roles/>
  </sys_properties>
  <sys_translated_text action="delete_multiple" query="documentkey=f5b17cc4c33030006568506adfba8f11"/>
</record_update>
