<?xml version="1.0" encoding="UTF-8"?><record_update table="sys_scope_privilege">
  <sys_scope_privilege action="INSERT_OR_UPDATE">
    <operation>execute</operation>
    <source_scope display_value="Hiring Feedback">817f729837831300a128036973990e47</source_scope>
    <status>allowed</status>
    <sys_class_name>sys_scope_privilege</sys_class_name>
    <sys_created_by>admin</sys_created_by>
    <sys_created_on>2019-03-11 11:32:02</sys_created_on>
    <sys_id>f789e13ab70473008fee6f28ee11a9c5</sys_id>
    <sys_mod_count>0</sys_mod_count>
    <sys_name>RESTAPIRequest</sys_name>
    <sys_package display_value="Hiring Feedback" source="sn_hiring_feedback">817f729837831300a128036973990e47</sys_package>
    <sys_policy/>
    <sys_scope display_value="Hiring Feedback">817f729837831300a128036973990e47</sys_scope>
    <sys_update_name>sys_scope_privilege_f789e13ab70473008fee6f28ee11a9c5</sys_update_name>
    <sys_updated_by>admin</sys_updated_by>
    <sys_updated_on>2019-03-11 11:32:02</sys_updated_on>
    <target_name>RESTAPIRequest</target_name>
    <target_scope display_value="Global">global</target_scope>
    <target_type>scriptable</target_type>
  </sys_scope_privilege>
</record_update>
