<?xml version="1.0" encoding="UTF-8"?><record_update table="sys_ui_mobile_home_page_module">
    <sys_ui_mobile_home_page_module action="INSERT_OR_UPDATE">
        <active>false</active>
        <background_color>#81878e</background_color>
        <content_style>light_content</content_style>
        <icon/>
        <image/>
        <module display_value="Job Applicants">e120c79837831300a128036973990efd</module>
        <roles/>
        <subtitle/>
        <sys_class_name>sys_ui_mobile_home_page_module</sys_class_name>
        <sys_created_by>admin</sys_created_by>
        <sys_created_on>2019-02-15 04:56:48</sys_created_on>
        <sys_id>32d8e0c7532323008feeddeeff7b126a</sys_id>
        <sys_mod_count>1</sys_mod_count>
        <sys_name>Job Applicants</sys_name>
        <sys_package display_value="Hiring Feedback" source="sn_hiring_feedback">817f729837831300a128036973990e47</sys_package>
        <sys_policy/>
        <sys_scope display_value="Hiring Feedback">817f729837831300a128036973990e47</sys_scope>
        <sys_update_name>sys_ui_mobile_home_page_module_32d8e0c7532323008feeddeeff7b126a</sys_update_name>
        <sys_updated_by>admin</sys_updated_by>
        <sys_updated_on>2019-02-15 04:57:59</sys_updated_on>
        <title>Job Applicants</title>
    </sys_ui_mobile_home_page_module>
</record_update>
