<?xml version="1.0" encoding="UTF-8"?><record_update table="sys_report_color">
  <sys_report_color action="INSERT_OR_UPDATE">
    <color>#FFBEB2</color>
    <display>background-color:#FFBEB2</display>
    <name>Pink</name>
    <sys_class_name>sys_report_color</sys_class_name>
    <sys_created_by>glide.maint</sys_created_by>
    <sys_created_on>2006-08-31 19:27:13</sys_created_on>
    <sys_id>65b3038aa9fe3dba01a6784841818eae</sys_id>
    <sys_mod_count>2</sys_mod_count>
    <sys_name>Pink</sys_name>
    <sys_package display_value="Reporting" source="com.glideapp.report">6e993a53530033008feeddeeff7b1298</sys_package>
    <sys_policy/>
    <sys_scope display_value="Global">global</sys_scope>
    <sys_update_name>sys_report_color_65b3038aa9fe3dba01a6784841818eae</sys_update_name>
    <sys_updated_by>admin</sys_updated_by>
    <sys_updated_on>2019-03-14 09:11:03</sys_updated_on>
  </sys_report_color>
</record_update>
