<?xml version="1.0" encoding="UTF-8"?>
<record_update table="sys_portal_preferences">
<sys_portal_preferences action="INSERT_OR_UPDATE">
<name>real_time</name>
<portal_section display_value="10de31ba0f0133007e1763cda8767e8a">10de31ba0f0133007e1763cda8767e8a</portal_section>
<sys_created_by>admin</sys_created_by>
<sys_created_on>2019-04-30 10:37:56</sys_created_on>
<sys_id>aabc7eb60f4133007e1763cda8767eab</sys_id>
<sys_mod_count>0</sys_mod_count>
<sys_updated_by>admin</sys_updated_by>
<sys_updated_on>2019-04-30 10:37:56</sys_updated_on>
<value>false</value>
</sys_portal_preferences>
</record_update>
