<?xml version="1.0" encoding="UTF-8"?><record_update table="sys_security_acl">
  <sys_security_acl action="INSERT_OR_UPDATE">
    <active>true</active>
    <admin_overrides>true</admin_overrides>
    <advanced>true</advanced>
    <condition/>
    <description>Only recruiters and managers can DELETE.</description>
    <name>sn_hiring_feedback_job</name>
    <operation display_value="delete">delete</operation>
    <script><![CDATA[var recruiter = gs.getUser().hasRole('sn_hiring_feedback.recruiter');
var manager = gs.getUser().hasRole('sn_hiring_feedback.manager');

/* 
	Only Hiring Manager of the Job Applicant can delete the record.
	var manager = gs.getUser().hasRole('sn_hiring_feedback.manager') && gs.getUser().getID().equals(current.getElement('hiring_manager'));
*/

answer = recruiter || manager;]]></script>
    <sys_class_name>sys_security_acl</sys_class_name>
    <sys_created_by>admin</sys_created_by>
    <sys_created_on>2018-06-28 10:11:22</sys_created_on>
    <sys_id>39200b9837831300a128036973990e0e</sys_id>
    <sys_mod_count>11</sys_mod_count>
    <sys_name>sn_hiring_feedback_job</sys_name>
    <sys_package display_value="Hiring Feedback" source="sn_hiring_feedback">817f729837831300a128036973990e47</sys_package>
    <sys_policy/>
    <sys_scope display_value="Hiring Feedback">817f729837831300a128036973990e47</sys_scope>
    <sys_update_name>sys_security_acl_39200b9837831300a128036973990e0e</sys_update_name>
    <sys_updated_by>admin</sys_updated_by>
    <sys_updated_on>2019-04-04 10:48:29</sys_updated_on>
    <type display_value="record">record</type>
  </sys_security_acl>
</record_update>
