<?xml version="1.0" encoding="UTF-8"?><record_update>
  <sys_ui_related sys_domain="global" table="sn_hiring_feedback_job" version="2" view="Consolidated_Comments">
    <sys_ui_related_list_entry action="INSERT_OR_UPDATE">
      <filter/>
      <list_id display_value="Job Applicants - Consolidated Comments" name="sn_hiring_feedback_job" related_list="NULL" sys_domain="global" view="b487b082537033004dc0ddeeff7b1280">de4b15ca537033004dc0ddeeff7b12bc</list_id>
      <order_by/>
      <position>0</position>
      <related_list/>
      <sys_class_name>sys_ui_related_list_entry</sys_class_name>
      <sys_created_by>admin</sys_created_by>
      <sys_created_on>2019-04-15 09:21:05</sys_created_on>
      <sys_id>de4b15ca537033004dc0ddeeff7b12bd</sys_id>
      <sys_mod_count>0</sys_mod_count>
      <sys_updated_by>admin</sys_updated_by>
      <sys_updated_on>2019-04-15 09:21:05</sys_updated_on>
    </sys_ui_related_list_entry>
    <sys_ui_related_list action="INSERT_OR_UPDATE">
      <calculated_name>Job Applicants - Consolidated Comments</calculated_name>
      <filter/>
      <name>sn_hiring_feedback_job</name>
      <order_by/>
      <position/>
      <related_list/>
      <sys_class_name>sys_ui_related_list</sys_class_name>
      <sys_created_by>admin</sys_created_by>
      <sys_created_on>2019-04-15 09:21:05</sys_created_on>
      <sys_domain>global</sys_domain>
      <sys_domain_path>/</sys_domain_path>
      <sys_id>de4b15ca537033004dc0ddeeff7b12bc</sys_id>
      <sys_mod_count>0</sys_mod_count>
      <sys_name>Job Applicants - Consolidated Comments</sys_name>
      <sys_package display_value="Hiring Feedback" source="sn_hiring_feedback">817f729837831300a128036973990e47</sys_package>
      <sys_policy/>
      <sys_scope display_value="Hiring Feedback">817f729837831300a128036973990e47</sys_scope>
      <sys_update_name>sys_ui_related_sn_hiring_feedback_job_Consolidated_Comments</sys_update_name>
      <sys_updated_by>admin</sys_updated_by>
      <sys_updated_on>2019-04-15 09:21:05</sys_updated_on>
      <sys_user/>
      <view display_value="Consolidated Comments" name="Consolidated_Comments">b487b082537033004dc0ddeeff7b1280</view>
      <view_name/>
    </sys_ui_related_list>
  </sys_ui_related>
</record_update>
