<?xml version="1.0" encoding="UTF-8"?><record_update>
  <sys_documentation element="previous_comments_skill3" label="Design Process" language="en" table="sn_hiring_feedback_ux_design">
    <sys_documentation action="INSERT_OR_UPDATE">
      <element>previous_comments_skill3</element>
      <help/>
      <hint/>
      <label>Design Process</label>
      <language>en</language>
      <name>sn_hiring_feedback_ux_design</name>
      <plural>Design Process</plural>
      <sys_class_name>sys_documentation</sys_class_name>
      <sys_created_by>admin</sys_created_by>
      <sys_created_on>2020-05-06 05:38:37</sys_created_on>
      <sys_id>f8a7eda2532810106b86ddeeff7b12d5</sys_id>
      <sys_mod_count>2</sys_mod_count>
      <sys_name>Design Process</sys_name>
      <sys_package display_value="Hiring Feedback" source="sn_hiring_feedback">817f729837831300a128036973990e47</sys_package>
      <sys_policy/>
      <sys_scope display_value="Hiring Feedback">817f729837831300a128036973990e47</sys_scope>
      <sys_update_name>sys_documentation_sn_hiring_feedback_interview_previous_comments_skill3_en</sys_update_name>
      <sys_updated_by>admin</sys_updated_by>
      <sys_updated_on>2020-05-22 11:34:55</sys_updated_on>
      <url/>
      <url_target/>
    </sys_documentation>
  </sys_documentation>
</record_update>
