<?xml version="1.0" encoding="UTF-8"?>
<record_update>
  <sys_ui_section caption="" section_id="643e709a734700107e88ef66fbf6a771" sys_domain="global" table="sn_hiring_feedback_job" version="3" view="apps_engineering">
    <sys_ui_element action="INSERT_OR_UPDATE">
      <element>candidate_name</element>
      <position>0</position>
      <sys_created_by>admin</sys_created_by>
      <sys_created_on>2020-02-20 18:24:58</sys_created_on>
      <sys_id>793e345a734700107e88ef66fbf6a735</sys_id>
      <sys_mod_count>0</sys_mod_count>
      <sys_ui_formatter/>
      <sys_ui_section caption="NULL" display_value="" name="sn_hiring_feedback_job" sys_domain="global" view="2c3ef81a734700107e88ef66fbf6a713">643e709a734700107e88ef66fbf6a771</sys_ui_section>
      <sys_updated_by>admin</sys_updated_by>
      <sys_updated_on>2020-02-20 18:24:58</sys_updated_on>
      <sys_user/>
      <type/>
    </sys_ui_element>
    <sys_ui_element action="INSERT_OR_UPDATE">
      <element>candidate_email</element>
      <position>1</position>
      <sys_created_by>admin</sys_created_by>
      <sys_created_on>2020-02-20 18:24:58</sys_created_on>
      <sys_id>f93e345a734700107e88ef66fbf6a735</sys_id>
      <sys_mod_count>0</sys_mod_count>
      <sys_ui_formatter/>
      <sys_ui_section caption="NULL" display_value="" name="sn_hiring_feedback_job" sys_domain="global" view="2c3ef81a734700107e88ef66fbf6a713">643e709a734700107e88ef66fbf6a771</sys_ui_section>
      <sys_updated_by>admin</sys_updated_by>
      <sys_updated_on>2020-02-20 18:24:58</sys_updated_on>
      <sys_user/>
      <type/>
    </sys_ui_element>
    <sys_ui_element action="INSERT_OR_UPDATE">
      <element>mobile</element>
      <position>2</position>
      <sys_created_by>admin</sys_created_by>
      <sys_created_on>2020-02-20 18:24:58</sys_created_on>
      <sys_id>7d3e345a734700107e88ef66fbf6a735</sys_id>
      <sys_mod_count>0</sys_mod_count>
      <sys_ui_formatter/>
      <sys_ui_section caption="NULL" display_value="" name="sn_hiring_feedback_job" sys_domain="global" view="2c3ef81a734700107e88ef66fbf6a713">643e709a734700107e88ef66fbf6a771</sys_ui_section>
      <sys_updated_by>admin</sys_updated_by>
      <sys_updated_on>2020-02-20 18:24:58</sys_updated_on>
      <sys_user/>
      <type/>
    </sys_ui_element>
    <sys_ui_element action="INSERT_OR_UPDATE">
      <element>company</element>
      <position>3</position>
      <sys_created_by>admin</sys_created_by>
      <sys_created_on>2020-02-20 18:24:58</sys_created_on>
      <sys_id>fd3e345a734700107e88ef66fbf6a735</sys_id>
      <sys_mod_count>0</sys_mod_count>
      <sys_ui_formatter/>
      <sys_ui_section caption="NULL" display_value="" name="sn_hiring_feedback_job" sys_domain="global" view="2c3ef81a734700107e88ef66fbf6a713">643e709a734700107e88ef66fbf6a771</sys_ui_section>
      <sys_updated_by>admin</sys_updated_by>
      <sys_updated_on>2020-02-20 18:24:58</sys_updated_on>
      <sys_user/>
      <type/>
    </sys_ui_element>
    <sys_ui_element action="INSERT_OR_UPDATE">
      <element>experience</element>
      <position>4</position>
      <sys_created_by>admin</sys_created_by>
      <sys_created_on>2020-02-20 18:24:58</sys_created_on>
      <sys_id>713e345a734700107e88ef66fbf6a736</sys_id>
      <sys_mod_count>0</sys_mod_count>
      <sys_ui_formatter/>
      <sys_ui_section caption="NULL" display_value="" name="sn_hiring_feedback_job" sys_domain="global" view="2c3ef81a734700107e88ef66fbf6a713">643e709a734700107e88ef66fbf6a771</sys_ui_section>
      <sys_updated_by>admin</sys_updated_by>
      <sys_updated_on>2020-02-20 18:24:58</sys_updated_on>
      <sys_user/>
      <type/>
    </sys_ui_element>
    <sys_ui_element action="INSERT_OR_UPDATE">
      <element>status</element>
      <position>5</position>
      <sys_created_by>admin</sys_created_by>
      <sys_created_on>2020-02-20 18:24:58</sys_created_on>
      <sys_id>f13e345a734700107e88ef66fbf6a736</sys_id>
      <sys_mod_count>0</sys_mod_count>
      <sys_ui_formatter/>
      <sys_ui_section caption="NULL" display_value="" name="sn_hiring_feedback_job" sys_domain="global" view="2c3ef81a734700107e88ef66fbf6a713">643e709a734700107e88ef66fbf6a771</sys_ui_section>
      <sys_updated_by>admin</sys_updated_by>
      <sys_updated_on>2020-02-20 18:24:58</sys_updated_on>
      <sys_user/>
      <type/>
    </sys_ui_element>
    <sys_ui_element action="INSERT_OR_UPDATE">
      <element>latest_status</element>
      <position>6</position>
      <sys_created_by>admin</sys_created_by>
      <sys_created_on>2020-02-20 18:24:58</sys_created_on>
      <sys_id>753e345a734700107e88ef66fbf6a736</sys_id>
      <sys_mod_count>0</sys_mod_count>
      <sys_ui_formatter/>
      <sys_ui_section caption="NULL" display_value="" name="sn_hiring_feedback_job" sys_domain="global" view="2c3ef81a734700107e88ef66fbf6a713">643e709a734700107e88ef66fbf6a771</sys_ui_section>
      <sys_updated_by>admin</sys_updated_by>
      <sys_updated_on>2020-02-20 18:24:58</sys_updated_on>
      <sys_user/>
      <type/>
    </sys_ui_element>
    <sys_ui_element action="INSERT_OR_UPDATE">
      <element>.split</element>
      <position>7</position>
      <sys_created_by>admin</sys_created_by>
      <sys_created_on>2020-02-20 18:24:58</sys_created_on>
      <sys_id>f53e345a734700107e88ef66fbf6a736</sys_id>
      <sys_mod_count>0</sys_mod_count>
      <sys_ui_formatter/>
      <sys_ui_section caption="NULL" display_value="" name="sn_hiring_feedback_job" sys_domain="global" view="2c3ef81a734700107e88ef66fbf6a713">643e709a734700107e88ef66fbf6a771</sys_ui_section>
      <sys_updated_by>admin</sys_updated_by>
      <sys_updated_on>2020-02-20 18:24:58</sys_updated_on>
      <sys_user/>
      <type>.split</type>
    </sys_ui_element>
    <sys_ui_element action="INSERT_OR_UPDATE">
      <element>job_req_id</element>
      <position>8</position>
      <sys_created_by>admin</sys_created_by>
      <sys_created_on>2020-02-20 18:24:58</sys_created_on>
      <sys_id>793e345a734700107e88ef66fbf6a736</sys_id>
      <sys_mod_count>0</sys_mod_count>
      <sys_ui_formatter/>
      <sys_ui_section caption="NULL" display_value="" name="sn_hiring_feedback_job" sys_domain="global" view="2c3ef81a734700107e88ef66fbf6a713">643e709a734700107e88ef66fbf6a771</sys_ui_section>
      <sys_updated_by>admin</sys_updated_by>
      <sys_updated_on>2020-02-20 18:24:58</sys_updated_on>
      <sys_user/>
      <type/>
    </sys_ui_element>
    <sys_ui_element action="INSERT_OR_UPDATE">
      <element>event</element>
      <position>9</position>
      <sys_created_by>admin</sys_created_by>
      <sys_created_on>2020-02-20 18:24:58</sys_created_on>
      <sys_id>f93e345a734700107e88ef66fbf6a736</sys_id>
      <sys_mod_count>0</sys_mod_count>
      <sys_ui_formatter/>
      <sys_ui_section caption="NULL" display_value="" name="sn_hiring_feedback_job" sys_domain="global" view="2c3ef81a734700107e88ef66fbf6a713">643e709a734700107e88ef66fbf6a771</sys_ui_section>
      <sys_updated_by>admin</sys_updated_by>
      <sys_updated_on>2020-02-20 18:24:58</sys_updated_on>
      <sys_user/>
      <type/>
    </sys_ui_element>
    <sys_ui_element action="INSERT_OR_UPDATE">
      <element>job_role</element>
      <position>10</position>
      <sys_created_by>admin</sys_created_by>
      <sys_created_on>2020-02-20 18:24:58</sys_created_on>
      <sys_id>7d3e345a734700107e88ef66fbf6a736</sys_id>
      <sys_mod_count>0</sys_mod_count>
      <sys_ui_formatter/>
      <sys_ui_section caption="NULL" display_value="" name="sn_hiring_feedback_job" sys_domain="global" view="2c3ef81a734700107e88ef66fbf6a713">643e709a734700107e88ef66fbf6a771</sys_ui_section>
      <sys_updated_by>admin</sys_updated_by>
      <sys_updated_on>2020-02-20 18:24:58</sys_updated_on>
      <sys_user/>
      <type/>
    </sys_ui_element>
    <sys_ui_element action="INSERT_OR_UPDATE">
      <element>hiring_team</element>
      <position>11</position>
      <sys_created_by>admin</sys_created_by>
      <sys_created_on>2020-02-20 18:24:58</sys_created_on>
      <sys_id>fd3e345a734700107e88ef66fbf6a736</sys_id>
      <sys_mod_count>0</sys_mod_count>
      <sys_ui_formatter/>
      <sys_ui_section caption="NULL" display_value="" name="sn_hiring_feedback_job" sys_domain="global" view="2c3ef81a734700107e88ef66fbf6a713">643e709a734700107e88ef66fbf6a771</sys_ui_section>
      <sys_updated_by>admin</sys_updated_by>
      <sys_updated_on>2020-02-20 18:24:58</sys_updated_on>
      <sys_user/>
      <type/>
    </sys_ui_element>
    <sys_ui_element action="INSERT_OR_UPDATE">
      <element>hiring_manager</element>
      <position>12</position>
      <sys_created_by>admin</sys_created_by>
      <sys_created_on>2020-02-20 18:24:58</sys_created_on>
      <sys_id>713e345a734700107e88ef66fbf6a737</sys_id>
      <sys_mod_count>0</sys_mod_count>
      <sys_ui_formatter/>
      <sys_ui_section caption="NULL" display_value="" name="sn_hiring_feedback_job" sys_domain="global" view="2c3ef81a734700107e88ef66fbf6a713">643e709a734700107e88ef66fbf6a771</sys_ui_section>
      <sys_updated_by>admin</sys_updated_by>
      <sys_updated_on>2020-02-20 18:24:58</sys_updated_on>
      <sys_user/>
      <type/>
    </sys_ui_element>
    <sys_ui_element action="INSERT_OR_UPDATE">
      <element>recruiter</element>
      <position>13</position>
      <sys_created_by>admin</sys_created_by>
      <sys_created_on>2020-02-20 18:24:58</sys_created_on>
      <sys_id>f13e345a734700107e88ef66fbf6a737</sys_id>
      <sys_mod_count>0</sys_mod_count>
      <sys_ui_formatter/>
      <sys_ui_section caption="NULL" display_value="" name="sn_hiring_feedback_job" sys_domain="global" view="2c3ef81a734700107e88ef66fbf6a713">643e709a734700107e88ef66fbf6a771</sys_ui_section>
      <sys_updated_by>admin</sys_updated_by>
      <sys_updated_on>2020-02-20 18:24:58</sys_updated_on>
      <sys_user/>
      <type/>
    </sys_ui_element>
    <sys_ui_element action="INSERT_OR_UPDATE">
      <element>latest_round</element>
      <position>14</position>
      <sys_created_by>admin</sys_created_by>
      <sys_created_on>2020-02-20 18:24:58</sys_created_on>
      <sys_id>753e345a734700107e88ef66fbf6a737</sys_id>
      <sys_mod_count>0</sys_mod_count>
      <sys_ui_formatter/>
      <sys_ui_section caption="NULL" display_value="" name="sn_hiring_feedback_job" sys_domain="global" view="2c3ef81a734700107e88ef66fbf6a713">643e709a734700107e88ef66fbf6a771</sys_ui_section>
      <sys_updated_by>admin</sys_updated_by>
      <sys_updated_on>2020-02-20 18:24:58</sys_updated_on>
      <sys_user/>
      <type/>
    </sys_ui_element>
    <sys_ui_section action="INSERT_OR_UPDATE">
      <caption/>
      <header>false</header>
      <name>sn_hiring_feedback_job</name>
      <roles/>
      <sys_class_name>sys_ui_section</sys_class_name>
      <sys_created_by>admin</sys_created_by>
      <sys_created_on>2020-02-20 18:24:54</sys_created_on>
      <sys_domain>global</sys_domain>
      <sys_domain_path>/</sys_domain_path>
      <sys_id>643e709a734700107e88ef66fbf6a771</sys_id>
      <sys_mod_count>0</sys_mod_count>
      <sys_name>sn_hiring_feedback_job</sys_name>
      <sys_overrides/>
      <sys_package display_value="Hiring Feedback" source="sn_hiring_feedback">817f729837831300a128036973990e47</sys_package>
      <sys_policy/>
      <sys_scope display_value="Hiring Feedback">817f729837831300a128036973990e47</sys_scope>
      <sys_update_name>sys_ui_section_643e709a734700107e88ef66fbf6a771</sys_update_name>
      <sys_updated_by>admin</sys_updated_by>
      <sys_updated_on>2020-02-20 18:24:54</sys_updated_on>
      <sys_user/>
      <title>false</title>
      <view display_value="Apps Engineering" name="apps_engineering">2c3ef81a734700107e88ef66fbf6a713</view>
      <view_name/>
    </sys_ui_section>
  </sys_ui_section>
</record_update>
