<?xml version="1.0" encoding="UTF-8"?>
<record_update table="sys_grid_canvas_pane">
  <sys_grid_canvas_pane action="INSERT_OR_UPDATE">
    <grid_canvas display_value="PA Tab">7ba6f5960f7033007e1763cda8767e6e</grid_canvas>
    <height>13</height>
    <portal_widget display_value="Created 2019-04-16 11:52:04">31eb79d60f7033007e1763cda8767ee0</portal_widget>
    <posx>0</posx>
    <posy>0</posy>
    <sys_class_name>sys_grid_canvas_pane</sys_class_name>
    <sys_created_by>admin</sys_created_by>
    <sys_created_on>2019-04-16 06:22:04</sys_created_on>
    <sys_id>7deb79d60f7033007e1763cda8767ee1</sys_id>
    <sys_mod_count>80</sys_mod_count>
    <sys_name>7ba6f5960f7033007e1763cda8767e6e</sys_name>
    <sys_package display_value="Hiring Feedback" source="sn_hiring_feedback">817f729837831300a128036973990e47</sys_package>
    <sys_policy/>
    <sys_scope display_value="Hiring Feedback">817f729837831300a128036973990e47</sys_scope>
    <sys_update_name>sys_grid_canvas_pane_7deb79d60f7033007e1763cda8767ee1</sys_update_name>
    <sys_updated_by>admin</sys_updated_by>
    <sys_updated_on>2020-02-11 19:10:57</sys_updated_on>
    <width>6</width>
  </sys_grid_canvas_pane>
</record_update>
