<?xml version="1.0" encoding="UTF-8"?>
<record_update>
  <sys_ui_list parent="" relationship="" sys_domain="global" table="sn_hiring_feedback_interview" version="2" view="interview">
    <sys_ui_list_element action="INSERT_OR_UPDATE">
      <average_value>false</average_value>
      <element>round</element>
      <list_id display_value="sn_hiring_feedback_interview" element="NULL" name="sn_hiring_feedback_interview" parent="NULL" relationship="NULL" sys_domain="global" view="9b9aa9980f7f23007e1763cda8767ee6">402e3f36739f80107e88ef66fbf6a7a3</list_id>
      <max_value>false</max_value>
      <min_value>false</min_value>
      <position>0</position>
      <sum>false</sum>
      <sys_created_by>admin</sys_created_by>
      <sys_created_on>2020-03-06 07:56:06</sys_created_on>
      <sys_id>cc2e3f36739f80107e88ef66fbf6a7a4</sys_id>
      <sys_mod_count>0</sys_mod_count>
      <sys_updated_by>admin</sys_updated_by>
      <sys_updated_on>2020-03-06 07:56:06</sys_updated_on>
    </sys_ui_list_element>
    <sys_ui_list_element action="INSERT_OR_UPDATE">
      <average_value>false</average_value>
      <element>job.candidate_name</element>
      <list_id display_value="sn_hiring_feedback_interview" element="NULL" name="sn_hiring_feedback_interview" parent="NULL" relationship="NULL" sys_domain="global" view="9b9aa9980f7f23007e1763cda8767ee6">402e3f36739f80107e88ef66fbf6a7a3</list_id>
      <max_value>false</max_value>
      <min_value>false</min_value>
      <position>1</position>
      <sum>false</sum>
      <sys_created_by>admin</sys_created_by>
      <sys_created_on>2020-03-06 07:56:06</sys_created_on>
      <sys_id>402e3f36739f80107e88ef66fbf6a7a5</sys_id>
      <sys_mod_count>0</sys_mod_count>
      <sys_updated_by>admin</sys_updated_by>
      <sys_updated_on>2020-03-06 07:56:06</sys_updated_on>
    </sys_ui_list_element>
    <sys_ui_list_element action="INSERT_OR_UPDATE">
      <average_value>false</average_value>
      <element>job.job_role.job_role</element>
      <list_id display_value="sn_hiring_feedback_interview" element="NULL" name="sn_hiring_feedback_interview" parent="NULL" relationship="NULL" sys_domain="global" view="9b9aa9980f7f23007e1763cda8767ee6">402e3f36739f80107e88ef66fbf6a7a3</list_id>
      <max_value>false</max_value>
      <min_value>false</min_value>
      <position>2</position>
      <sum>false</sum>
      <sys_created_by>admin</sys_created_by>
      <sys_created_on>2020-03-06 07:56:06</sys_created_on>
      <sys_id>c02e3f36739f80107e88ef66fbf6a7a5</sys_id>
      <sys_mod_count>0</sys_mod_count>
      <sys_updated_by>admin</sys_updated_by>
      <sys_updated_on>2020-03-06 07:56:06</sys_updated_on>
    </sys_ui_list_element>
    <sys_ui_list_element action="INSERT_OR_UPDATE">
      <average_value>false</average_value>
      <element>start_time</element>
      <list_id display_value="sn_hiring_feedback_interview" element="NULL" name="sn_hiring_feedback_interview" parent="NULL" relationship="NULL" sys_domain="global" view="9b9aa9980f7f23007e1763cda8767ee6">402e3f36739f80107e88ef66fbf6a7a3</list_id>
      <max_value>false</max_value>
      <min_value>false</min_value>
      <position>3</position>
      <sum>false</sum>
      <sys_created_by>admin</sys_created_by>
      <sys_created_on>2020-03-06 07:56:06</sys_created_on>
      <sys_id>442e3f36739f80107e88ef66fbf6a7a5</sys_id>
      <sys_mod_count>0</sys_mod_count>
      <sys_updated_by>admin</sys_updated_by>
      <sys_updated_on>2020-03-06 07:56:06</sys_updated_on>
    </sys_ui_list_element>
    <sys_ui_list_element action="INSERT_OR_UPDATE">
      <average_value>false</average_value>
      <element>status</element>
      <list_id display_value="sn_hiring_feedback_interview" element="NULL" name="sn_hiring_feedback_interview" parent="NULL" relationship="NULL" sys_domain="global" view="9b9aa9980f7f23007e1763cda8767ee6">402e3f36739f80107e88ef66fbf6a7a3</list_id>
      <max_value>false</max_value>
      <min_value>false</min_value>
      <position>4</position>
      <sum>false</sum>
      <sys_created_by>admin</sys_created_by>
      <sys_created_on>2020-03-06 07:56:06</sys_created_on>
      <sys_id>842ef776739f80107e88ef66fbf6a7f7</sys_id>
      <sys_mod_count>0</sys_mod_count>
      <sys_updated_by>admin</sys_updated_by>
      <sys_updated_on>2020-03-06 07:56:06</sys_updated_on>
    </sys_ui_list_element>
    <sys_ui_list_element action="INSERT_OR_UPDATE">
      <average_value>false</average_value>
      <element>previous_interviewer_notes</element>
      <list_id display_value="sn_hiring_feedback_interview" element="NULL" name="sn_hiring_feedback_interview" parent="NULL" relationship="NULL" sys_domain="global" view="9b9aa9980f7f23007e1763cda8767ee6">402e3f36739f80107e88ef66fbf6a7a3</list_id>
      <max_value>false</max_value>
      <min_value>false</min_value>
      <position>5</position>
      <sum>false</sum>
      <sys_created_by>admin</sys_created_by>
      <sys_created_on>2020-03-06 07:56:06</sys_created_on>
      <sys_id>082ef776739f80107e88ef66fbf6a7f7</sys_id>
      <sys_mod_count>0</sys_mod_count>
      <sys_updated_by>admin</sys_updated_by>
      <sys_updated_on>2020-03-06 07:56:06</sys_updated_on>
    </sys_ui_list_element>
    <sys_ui_list action="INSERT_OR_UPDATE">
      <average_value>false</average_value>
      <element/>
      <max_value>false</max_value>
      <min_value>false</min_value>
      <name>sn_hiring_feedback_interview</name>
      <parent/>
      <position/>
      <relationship/>
      <sum>false</sum>
      <sys_class_name>sys_ui_list</sys_class_name>
      <sys_created_by>admin</sys_created_by>
      <sys_created_on>2020-03-06 07:56:06</sys_created_on>
      <sys_domain>global</sys_domain>
      <sys_domain_path>/</sys_domain_path>
      <sys_id>402e3f36739f80107e88ef66fbf6a7a3</sys_id>
      <sys_mod_count>0</sys_mod_count>
      <sys_name>sn_hiring_feedback_interview</sys_name>
      <sys_package display_value="Hiring Feedback" source="sn_hiring_feedback">817f729837831300a128036973990e47</sys_package>
      <sys_policy/>
      <sys_scope display_value="Hiring Feedback">817f729837831300a128036973990e47</sys_scope>
      <sys_update_name>sys_ui_list_sn_hiring_feedback_interview_interview</sys_update_name>
      <sys_updated_by>admin</sys_updated_by>
      <sys_updated_on>2020-03-06 07:56:06</sys_updated_on>
      <sys_user/>
      <view display_value="interview" name="interview">9b9aa9980f7f23007e1763cda8767ee6</view>
      <view_name/>
    </sys_ui_list>
  </sys_ui_list>
</record_update>
