<?xml version="1.0" encoding="UTF-8"?>
<record_update table="sys_ui_action_view">
  <sys_ui_action_view action="INSERT_OR_UPDATE">
    <sys_class_name>sys_ui_action_view</sys_class_name>
    <sys_created_by>admin</sys_created_by>
    <sys_created_on>2020-02-20 18:50:51</sys_created_on>
    <sys_id>b824895a73c700107e88ef66fbf6a79f</sys_id>
    <sys_mod_count>0</sys_mod_count>
    <sys_name>View All Comments.Quality Engineering</sys_name>
    <sys_package display_value="Hiring Feedback" source="sn_hiring_feedback">817f729837831300a128036973990e47</sys_package>
    <sys_policy/>
    <sys_scope display_value="Hiring Feedback">817f729837831300a128036973990e47</sys_scope>
    <sys_ui_action display_value="View All Comments">bf967c42537033004dc0ddeeff7b1276</sys_ui_action>
    <sys_ui_view display_value="Quality Engineering" name="quality_engineering">375cb85e730700107e88ef66fbf6a7c2</sys_ui_view>
    <sys_update_name>sys_ui_action_view_b824895a73c700107e88ef66fbf6a79f</sys_update_name>
    <sys_updated_by>admin</sys_updated_by>
    <sys_updated_on>2020-02-20 18:50:51</sys_updated_on>
    <visibility>include</visibility>
  </sys_ui_action_view>
</record_update>
