<?xml version="1.0" encoding="UTF-8"?><record_update sys_domain="global" table="sys_script">
  <sys_script action="DELETE">
    <abort_action>false</abort_action>
    <access>package_private</access>
    <action_delete>false</action_delete>
    <action_insert>true</action_insert>
    <action_query>false</action_query>
    <action_update>true</action_update>
    <active>false</active>
    <add_message>false</add_message>
    <advanced>true</advanced>
    <change_fields>false</change_fields>
    <client_callable>false</client_callable>
    <collection>sn_hiring_feedback_interview</collection>
    <condition/>
    <description/>
    <execute_function>false</execute_function>
    <filter_condition/>
    <is_rest>false</is_rest>
    <message/>
    <name>Interview Status Alert</name>
    <order>100</order>
    <priority>100</priority>
    <rest_method/>
    <rest_method_text/>
    <rest_service/>
    <rest_service_text/>
    <rest_variables/>
    <role_conditions/>
    <script><![CDATA[(function executeRule(current, previous /*null when async*/) {

	if(
		current.getValue('logic').toString().trim() != '' ||
		current.getValue('programing').toString().trim() != '' ||
		current.getValue('design').toString().trim() != '' ||
		current.getValue('communication_skills').toString().trim() != '' ||
		current.getValue('overall_comments').toString().trim() != '' ||
		current.getValue('next_interviewer_notes').toString().trim() != ''
	) {
		if(current.getValue('status').toString() === 'pending') {
			gs.addInfoMessage('Status of the Candidate has not been updated.');
		}
	}

})(current, previous);]]></script>
    <sys_class_name>sys_script</sys_class_name>
    <sys_created_by>admin</sys_created_by>
    <sys_created_on>2019-04-02 05:51:47</sys_created_on>
    <sys_domain>global</sys_domain>
    <sys_domain_path>/</sys_domain_path>
    <sys_id>f71e2df50f2033007e1763cda8767ed3</sys_id>
    <sys_mod_count>1</sys_mod_count>
    <sys_name>Interview Status Alert</sys_name>
    <sys_overrides/>
    <sys_package display_value="Hiring Feedback" source="sn_hiring_feedback">817f729837831300a128036973990e47</sys_package>
    <sys_policy/>
    <sys_scope display_value="Hiring Feedback">817f729837831300a128036973990e47</sys_scope>
    <sys_update_name>sys_script_f71e2df50f2033007e1763cda8767ed3</sys_update_name>
    <sys_updated_by>admin</sys_updated_by>
    <sys_updated_on>2019-04-05 04:07:19</sys_updated_on>
    <template/>
    <when>before</when>
  </sys_script>
  <sys_translated_text action="delete_multiple" query="documentkey=f71e2df50f2033007e1763cda8767ed3"/>
</record_update>
