<?xml version="1.0" encoding="UTF-8"?><record_update table="sys_db_object">
  <sys_db_object action="INSERT_OR_UPDATE">
    <access>public</access>
    <actions_access>false</actions_access>
    <alter_access>false</alter_access>
    <client_scripts_access>true</client_scripts_access>
    <configuration_access>false</configuration_access>
    <create_access>false</create_access>
    <create_access_controls>true</create_access_controls>
    <delete_access>false</delete_access>
    <extension_model/>
    <is_extendable>false</is_extendable>
    <label>Job Applicant Import Error</label>
    <live_feed_enabled>false</live_feed_enabled>
    <name>sn_hiring_feedback_job_applicant_import_error</name>
    <number_ref/>
    <provider_class/>
    <read_access>true</read_access>
    <super_class/>
    <sys_class_code/>
    <sys_class_name>sys_db_object</sys_class_name>
    <sys_class_path/>
    <sys_created_by>admin</sys_created_by>
    <sys_created_on>2019-03-11 09:20:57</sys_created_on>
    <sys_id>ec8b85beb7c073008fee6f28ee11a977</sys_id>
    <sys_mod_count>2</sys_mod_count>
    <sys_name>Job Applicant Import Error</sys_name>
    <sys_package display_value="Hiring Feedback" source="sn_hiring_feedback">817f729837831300a128036973990e47</sys_package>
    <sys_policy/>
    <sys_scope display_value="Hiring Feedback">817f729837831300a128036973990e47</sys_scope>
    <sys_update_name>sys_db_object_ec8b85beb7c073008fee6f28ee11a977</sys_update_name>
    <sys_updated_by>admin</sys_updated_by>
    <sys_updated_on>2019-03-11 11:26:34</sys_updated_on>
    <update_access>true</update_access>
    <user_role display_value="sn_hiring_feedback.job_applicant_import_error_user" name="sn_hiring_feedback.job_applicant_import_error_user">df9bc5beb7c073008fee6f28ee11a921</user_role>
    <ws_access>true</ws_access>
  </sys_db_object>
</record_update>
