<?xml version="1.0" encoding="UTF-8"?><record_update table="sys_properties">
  <sys_properties action="INSERT_OR_UPDATE">
    <choices>Form=form,Activity Stream=stream</choices>
    <description>Destination when navigating to a record from a list</description>
    <ignore_cache>false</ignore_cache>
    <is_private>false</is_private>
    <name>glide.ui.m.default_record_navigation</name>
    <read_roles/>
    <suffix/>
    <sys_class_name>sys_properties</sys_class_name>
    <sys_created_by>admin</sys_created_by>
    <sys_created_on>2017-08-25 00:14:09</sys_created_on>
    <sys_id>ba37f3d5537003005034c91a8dc5872b</sys_id>
    <sys_mod_count>2</sys_mod_count>
    <sys_name>glide.ui.m.default_record_navigation</sys_name>
    <sys_package display_value="Mobile UI" source="com.glide.ui.m">4148a754b43323005bd4aae05b33ca7c</sys_package>
    <sys_policy/>
    <sys_scope display_value="Global">global</sys_scope>
    <sys_update_name>sys_properties_ba37f3d5537003005034c91a8dc5872b</sys_update_name>
    <sys_updated_by>admin</sys_updated_by>
    <sys_updated_on>2019-02-20 10:32:13</sys_updated_on>
    <type>choicelist</type>
    <value>form</value>
    <write_roles/>
  </sys_properties>
  <sys_translated_text action="delete_multiple" query="documentkey=ba37f3d5537003005034c91a8dc5872b"/>
</record_update>
