<?xml version="1.0" encoding="UTF-8"?>
<record_update>
  <sys_documentation element="previous_comments_skill1" label="Analyst Experience" language="en" table="sn_hiring_feedback_product_manager">
    <sys_documentation action="INSERT_OR_UPDATE">
      <element>previous_comments_skill1</element>
      <help/>
      <hint/>
      <label>Analyst Experience</label>
      <language>en</language>
      <name>sn_hiring_feedback_product_manager</name>
      <plural>Analyst Experiences</plural>
      <sys_class_name>sys_documentation</sys_class_name>
      <sys_created_by>admin</sys_created_by>
      <sys_created_on>2020-02-08 15:07:52</sys_created_on>
      <sys_id>06fdd21a737200107e88ef66fbf6a7e6</sys_id>
      <sys_mod_count>0</sys_mod_count>
      <sys_name>Analyst Experience</sys_name>
      <sys_package display_value="Hiring Feedback" source="sn_hiring_feedback">817f729837831300a128036973990e47</sys_package>
      <sys_policy/>
      <sys_scope display_value="Hiring Feedback">817f729837831300a128036973990e47</sys_scope>
      <sys_update_name>sys_documentation_sn_hiring_feedback_product_manager_previous_comments_skill1_en</sys_update_name>
      <sys_updated_by>admin</sys_updated_by>
      <sys_updated_on>2020-02-08 15:07:52</sys_updated_on>
      <url/>
      <url_target/>
    </sys_documentation>
  </sys_documentation>
</record_update>
