<?xml version="1.0" encoding="UTF-8"?>
<record_update table="sys_portal">
<sys_portal action="INSERT_OR_UPDATE">
<dropzone/>
<offset/>
<page display_value="PA Tab">f3a6f5960f7033007e1763cda8767e6e</page>
<summary>Interviews Date Filter</summary>
<sys_created_by>admin</sys_created_by>
<sys_created_on>2019-04-30 05:24:48</sys_created_on>
<sys_id>2b05fdf60f0133007e1763cda8767e9b</sys_id>
<sys_mod_count>2</sys_mod_count>
<sys_updated_by>admin</sys_updated_by>
<sys_updated_on>2019-04-30 11:03:51</sys_updated_on>
</sys_portal>
</record_update>
