<?xml version="1.0" encoding="UTF-8"?><record_update>
  <sys_choice action="INSERT_OR_UPDATE" field="latest_status" table="sn_hiring_feedback_job" version="3">
    <sys_choice action="INSERT_OR_UPDATE">
      <dependent_value/>
      <element>latest_status</element>
      <hint/>
      <inactive>false</inactive>
      <label>Not Scheduled</label>
      <language>en</language>
      <name>sn_hiring_feedback_job</name>
      <sequence/>
      <sys_created_by>admin</sys_created_by>
      <sys_created_on>2019-04-09 08:17:29</sys_created_on>
      <sys_domain>global</sys_domain>
      <sys_domain_path>/</sys_domain_path>
      <sys_id>ad03dec00f7033007e1763cda8767e2a</sys_id>
      <sys_mod_count>0</sys_mod_count>
      <sys_updated_by>admin</sys_updated_by>
      <sys_updated_on>2019-04-09 08:17:29</sys_updated_on>
      <value>not_scheduled</value>
    </sys_choice>
    <sys_choice action="INSERT_OR_UPDATE">
      <dependent_value/>
      <element>latest_status</element>
      <hint/>
      <inactive>false</inactive>
      <label>Not Selected</label>
      <language>en</language>
      <name>sn_hiring_feedback_job</name>
      <sequence/>
      <sys_created_by>admin</sys_created_by>
      <sys_created_on>2019-04-08 09:50:26</sys_created_on>
      <sys_domain>global</sys_domain>
      <sys_domain_path>/</sys_domain_path>
      <sys_id>e5ded933b7a033004dc06f28ee11a954</sys_id>
      <sys_mod_count>0</sys_mod_count>
      <sys_updated_by>admin</sys_updated_by>
      <sys_updated_on>2019-04-08 09:50:26</sys_updated_on>
      <value>not_selected</value>
    </sys_choice>
    <sys_choice action="INSERT_OR_UPDATE">
      <dependent_value/>
      <element>latest_status</element>
      <hint/>
      <inactive>false</inactive>
      <label>Selected</label>
      <language>en</language>
      <name>sn_hiring_feedback_job</name>
      <sequence/>
      <sys_created_by>admin</sys_created_by>
      <sys_created_on>2019-04-08 09:50:13</sys_created_on>
      <sys_domain>global</sys_domain>
      <sys_domain_path>/</sys_domain_path>
      <sys_id>93ced933b7a033004dc06f28ee11a904</sys_id>
      <sys_mod_count>0</sys_mod_count>
      <sys_updated_by>admin</sys_updated_by>
      <sys_updated_on>2019-04-08 09:50:13</sys_updated_on>
      <value>selected</value>
    </sys_choice>
    <sys_choice action="INSERT_OR_UPDATE">
      <dependent_value/>
      <element>latest_status</element>
      <hint/>
      <inactive>false</inactive>
      <label>On Hold</label>
      <language>en</language>
      <name>sn_hiring_feedback_job</name>
      <sequence>10</sequence>
      <sys_created_by>admin</sys_created_by>
      <sys_created_on>2019-02-26 08:21:16</sys_created_on>
      <sys_domain>global</sys_domain>
      <sys_domain_path>/</sys_domain_path>
      <sys_id>1e3186660fb723007e1763cda8767e9b</sys_id>
      <sys_mod_count>2</sys_mod_count>
      <sys_updated_by>admin</sys_updated_by>
      <sys_updated_on>2019-02-26 08:22:16</sys_updated_on>
      <value>on_hold</value>
    </sys_choice>
    <sys_choice action="INSERT_OR_UPDATE">
      <dependent_value/>
      <element>latest_status</element>
      <hint/>
      <inactive>false</inactive>
      <label>Approved</label>
      <language>en</language>
      <name>sn_hiring_feedback_job</name>
      <sequence>20</sequence>
      <sys_created_by>admin</sys_created_by>
      <sys_created_on>2019-02-26 08:21:26</sys_created_on>
      <sys_domain>global</sys_domain>
      <sys_domain_path>/</sys_domain_path>
      <sys_id>0e4186660fb723007e1763cda8767e3e</sys_id>
      <sys_mod_count>2</sys_mod_count>
      <sys_updated_by>admin</sys_updated_by>
      <sys_updated_on>2019-02-26 08:22:19</sys_updated_on>
      <value>approved</value>
    </sys_choice>
    <sys_choice action="INSERT_OR_UPDATE">
      <dependent_value/>
      <element>latest_status</element>
      <hint/>
      <inactive>false</inactive>
      <label>Rejected</label>
      <language>en</language>
      <name>sn_hiring_feedback_job</name>
      <sequence>30</sequence>
      <sys_created_by>admin</sys_created_by>
      <sys_created_on>2019-02-26 08:21:31</sys_created_on>
      <sys_domain>global</sys_domain>
      <sys_domain_path>/</sys_domain_path>
      <sys_id>685186660fb723007e1763cda8767e9d</sys_id>
      <sys_mod_count>2</sys_mod_count>
      <sys_updated_by>admin</sys_updated_by>
      <sys_updated_on>2019-02-26 08:22:22</sys_updated_on>
      <value>rejected</value>
    </sys_choice>
    <sys_choice action="INSERT_OR_UPDATE">
      <dependent_value/>
      <element>latest_status</element>
      <hint/>
      <inactive>false</inactive>
      <label>No Show</label>
      <language>en</language>
      <name>sn_hiring_feedback_job</name>
      <sequence>40</sequence>
      <sys_created_by>admin</sys_created_by>
      <sys_created_on>2019-02-26 08:21:37</sys_created_on>
      <sys_domain>global</sys_domain>
      <sys_domain_path>/</sys_domain_path>
      <sys_id>7d5186660fb723007e1763cda8767eb3</sys_id>
      <sys_mod_count>2</sys_mod_count>
      <sys_updated_by>admin</sys_updated_by>
      <sys_updated_on>2019-02-26 08:22:26</sys_updated_on>
      <value>no_show</value>
    </sys_choice>
    <sys_choice action="INSERT_OR_UPDATE">
      <dependent_value/>
      <element>latest_status</element>
      <hint/>
      <inactive>false</inactive>
      <label>Pending</label>
      <language>en</language>
      <name>sn_hiring_feedback_job</name>
      <sequence>50</sequence>
      <sys_created_by>admin</sys_created_by>
      <sys_created_on>2019-02-26 08:21:42</sys_created_on>
      <sys_domain>global</sys_domain>
      <sys_domain_path>/</sys_domain_path>
      <sys_id>1f5186660fb723007e1763cda8767ef9</sys_id>
      <sys_mod_count>2</sys_mod_count>
      <sys_updated_by>admin</sys_updated_by>
      <sys_updated_on>2019-02-26 08:22:29</sys_updated_on>
      <value>pending</value>
    </sys_choice>
    <sys_choice_set action="INSERT_OR_UPDATE">
      <element>latest_status</element>
      <name>sn_hiring_feedback_job</name>
      <sys_class_name>sys_choice_set</sys_class_name>
      <sys_created_by>admin</sys_created_by>
      <sys_created_on>2019-02-26 08:21:16</sys_created_on>
      <sys_id>62ca61c40f3033007e1763cda8767e1d</sys_id>
      <sys_mod_count>0</sys_mod_count>
      <sys_name>latest_status</sys_name>
      <sys_package display_value="Hiring Feedback" source="sn_hiring_feedback">817f729837831300a128036973990e47</sys_package>
      <sys_policy/>
      <sys_scope display_value="Hiring Feedback">817f729837831300a128036973990e47</sys_scope>
      <sys_update_name>sys_choice_sn_hiring_feedback_job_latest_status</sys_update_name>
      <sys_updated_by>admin</sys_updated_by>
      <sys_updated_on>2019-02-26 08:21:16</sys_updated_on>
    </sys_choice_set>
  </sys_choice>
</record_update>
