<?xml version="1.0" encoding="UTF-8"?><record_update sys_domain="global" table="sys_script">
  <sys_script action="INSERT_OR_UPDATE">
    <abort_action>true</abort_action>
    <access>package_private</access>
    <action_delete>false</action_delete>
    <action_insert>true</action_insert>
    <action_query>false</action_query>
    <action_update>true</action_update>
    <active>true</active>
    <add_message>false</add_message>
    <advanced>true</advanced>
    <change_fields>false</change_fields>
    <client_callable>false</client_callable>
    <collection>sn_hiring_feedback_interview</collection>
    <condition/>
    <description/>
    <execute_function>false</execute_function>
    <filter_condition table="sn_hiring_feedback_interview">jobISEMPTY^EQ<item endquery="false" field="job" goto="false" newquery="false" operator="ISEMPTY" or="false" value=""/>
      <item endquery="true" field="" goto="false" newquery="false" operator="=" or="false" value=""/>
    </filter_condition>
    <is_rest>false</is_rest>
    <message/>
    <name>check_if_job_empty_interview</name>
    <order>100</order>
    <priority>100</priority>
    <rest_method/>
    <rest_method_text/>
    <rest_service/>
    <rest_service_text/>
    <rest_variables/>
    <role_conditions/>
    <script><![CDATA[(function executeRule(current, previous /*null when async*/) {

	// Add your code here

})(current, previous);]]></script>
    <sys_class_name>sys_script</sys_class_name>
    <sys_created_by>admin</sys_created_by>
    <sys_created_on>2019-02-15 10:36:56</sys_created_on>
    <sys_domain>global</sys_domain>
    <sys_domain_path>/</sys_domain_path>
    <sys_id>c396b94f536323008feeddeeff7b12b7</sys_id>
    <sys_mod_count>7</sys_mod_count>
    <sys_name>check_if_job_empty_interview</sys_name>
    <sys_overrides/>
    <sys_package display_value="Hiring Feedback" source="sn_hiring_feedback">817f729837831300a128036973990e47</sys_package>
    <sys_policy/>
    <sys_scope display_value="Hiring Feedback">817f729837831300a128036973990e47</sys_scope>
    <sys_update_name>sys_script_c396b94f536323008feeddeeff7b12b7</sys_update_name>
    <sys_updated_by>admin</sys_updated_by>
    <sys_updated_on>2019-03-01 05:27:03</sys_updated_on>
    <template/>
    <when>before</when>
  </sys_script>
  <sys_translated_text action="delete_multiple" query="documentkey=c396b94f536323008feeddeeff7b12b7"/>
</record_update>
