<?xml version="1.0" encoding="UTF-8"?><record_update sys_domain="global" table="sys_script">
  <sys_script action="INSERT_OR_UPDATE">
    <abort_action>false</abort_action>
    <access>package_private</access>
    <action_delete>true</action_delete>
    <action_insert>false</action_insert>
    <action_query>false</action_query>
    <action_update>false</action_update>
    <active>true</active>
    <add_message>false</add_message>
    <advanced>true</advanced>
    <change_fields>false</change_fields>
    <client_callable>false</client_callable>
    <collection>sn_hiring_feedback_temp_user</collection>
    <condition/>
    <description/>
    <execute_function>false</execute_function>
    <filter_condition/>
    <is_rest>false</is_rest>
    <message/>
    <name>Delete Temp User</name>
    <order>100</order>
    <priority>100</priority>
    <rest_method/>
    <rest_method_text/>
    <rest_service/>
    <rest_service_text/>
    <rest_variables/>
    <role_conditions/>
    <script><![CDATA[(function executeRule(current, previous /*null when async*/) {

	// On delete from Temp User, delete from sys_user table too
	var sys_user_gr = new GlideRecord("sys_user");
	var userEmail =  current.user_id;
	var userID = userEmail.substring(0, userEmail.indexOf('@'));
	
	sys_user_gr.addQuery('user_name', userID);
	sys_user_gr.setLimit(1);
	sys_user_gr.query();
	
	if(sys_user_gr.next()) {
		sys_user_gr.deleteRecord();
	}

})(current, previous);]]></script>
    <sys_class_name>sys_script</sys_class_name>
    <sys_created_by>admin</sys_created_by>
    <sys_created_on>2019-04-01 06:28:19</sys_created_on>
    <sys_domain>global</sys_domain>
    <sys_domain_path>/</sys_domain_path>
    <sys_id>9e4ceca5532433004dc0ddeeff7b12e6</sys_id>
    <sys_mod_count>2</sys_mod_count>
    <sys_name>Delete Temp User</sys_name>
    <sys_overrides/>
    <sys_package display_value="Hiring Feedback" source="sn_hiring_feedback">817f729837831300a128036973990e47</sys_package>
    <sys_policy/>
    <sys_scope display_value="Hiring Feedback">817f729837831300a128036973990e47</sys_scope>
    <sys_update_name>sys_script_9e4ceca5532433004dc0ddeeff7b12e6</sys_update_name>
    <sys_updated_by>admin</sys_updated_by>
    <sys_updated_on>2019-04-01 09:21:03</sys_updated_on>
    <template/>
    <when>before</when>
  </sys_script>
  <sys_translated_text action="delete_multiple" query="documentkey=9e4ceca5532433004dc0ddeeff7b12e6"/>
</record_update>
