<?xml version="1.0" encoding="UTF-8"?>
<record_update sys_domain="global" table="sys_script">
  <sys_script action="INSERT_OR_UPDATE">
    <abort_action>false</abort_action>
    <access>package_private</access>
    <action_delete>false</action_delete>
    <action_insert>true</action_insert>
    <action_query>false</action_query>
    <action_update>true</action_update>
    <active>true</active>
    <add_message>false</add_message>
    <advanced>true</advanced>
    <change_fields>false</change_fields>
    <client_callable>false</client_callable>
    <collection>sn_hiring_feedback_interview</collection>
    <condition/>
    <description/>
    <execute_function>false</execute_function>
    <filter_condition/>
    <is_rest>false</is_rest>
    <message/>
    <name>InterviewerInvitation</name>
    <order>100</order>
    <priority>100</priority>
    <rest_method/>
    <rest_method_text/>
    <rest_service/>
    <rest_service_text/>
    <rest_variables/>
    <role_conditions/>
    <script><![CDATA[(function executeRule(current, previous /*null when async*/ ) {

    // Add your code here
    var sysId = current.getUniqueValue();
    var interviewsGr = new GlideRecord('sn_hiring_feedback_interview');
    interviewsGr.get(sysId);
    if (current.isNewRecord()) {
        var user = new GlideRecord('sys_user');
        user.get(current.interviewer_email);
        gs.eventQueue('sn_hiring_feedback.Interviewer_Invite', interviewsGr, user.getValue('first_name'), current.job.candidate_name);
    } else if (current.interviewer_email != previous.interviewer_email) {
        var user = new GlideRecord('sys_user');
        user.get(current.interviewer_email);
        gs.eventQueue('sn_hiring_feedback.Interviewer_Invite', interviewsGr, user.getValue('first_name'), current.job.candidate_name);
    }

})(current, previous);]]></script>
    <sys_class_name>sys_script</sys_class_name>
    <sys_created_by>admin</sys_created_by>
    <sys_created_on>2019-04-24 11:34:31</sys_created_on>
    <sys_domain>global</sys_domain>
    <sys_domain_path>/</sys_domain_path>
    <sys_id>2c9a804d538533004dc0ddeeff7b1280</sys_id>
    <sys_mod_count>8</sys_mod_count>
    <sys_name>InterviewerInvitation</sys_name>
    <sys_overrides/>
    <sys_package display_value="Hiring Feedback" source="sn_hiring_feedback">817f729837831300a128036973990e47</sys_package>
    <sys_policy/>
    <sys_scope display_value="Hiring Feedback">817f729837831300a128036973990e47</sys_scope>
    <sys_update_name>sys_script_2c9a804d538533004dc0ddeeff7b1280</sys_update_name>
    <sys_updated_by>admin</sys_updated_by>
    <sys_updated_on>2020-03-04 10:32:32</sys_updated_on>
    <template/>
    <when>after</when>
  </sys_script>
  <sys_translated_text action="delete_multiple" query="documentkey=2c9a804d538533004dc0ddeeff7b1280"/>
</record_update>
