<?xml version="1.0" encoding="UTF-8"?><record_update table="sys_grid_canvas">
  <sys_grid_canvas action="INSERT_OR_UPDATE">
    <legacy_page display_value="PA New Tab">a592e437534c33008feeddeeff7b128a</legacy_page>
    <name>PA New Tab</name>
    <sys_class_name>sys_grid_canvas</sys_class_name>
    <sys_created_by>admin</sys_created_by>
    <sys_created_on>2019-03-14 08:55:38</sys_created_on>
    <sys_id>a192e437534c33008feeddeeff7b128b</sys_id>
    <sys_mod_count>0</sys_mod_count>
    <sys_name>PA New Tab</sys_name>
    <sys_package display_value="Hiring Feedback" source="sn_hiring_feedback">817f729837831300a128036973990e47</sys_package>
    <sys_policy/>
    <sys_scope display_value="Hiring Feedback">817f729837831300a128036973990e47</sys_scope>
    <sys_update_name>sys_grid_canvas_a192e437534c33008feeddeeff7b128b</sys_update_name>
    <sys_updated_by>admin</sys_updated_by>
    <sys_updated_on>2019-03-14 08:55:38</sys_updated_on>
  </sys_grid_canvas>
</record_update>
