<?xml version="1.0" encoding="UTF-8"?><record_update sys_domain="global" table="sys_ui_action">
  <sys_ui_action action="INSERT_OR_UPDATE">
    <action_name/>
    <active>false</active>
    <client>false</client>
    <client_script_v2><![CDATA[function onClick(g_form) {

}]]></client_script_v2>
    <comments>Triggers the notification interview_notification if an interviewer has not been invited to the interview yet.</comments>
    <condition>!current.isNewRecord() &amp;&amp; !current.invited &amp;&amp; !gs.getUser().hasRole('sn_hiring_feedback.interviewer')</condition>
    <form_action>true</form_action>
    <form_button>true</form_button>
    <form_button_v2>false</form_button_v2>
    <form_context_menu>false</form_context_menu>
    <form_link>false</form_link>
    <form_menu_button_v2>false</form_menu_button_v2>
    <form_style/>
    <hint/>
    <isolate_script>false</isolate_script>
    <keyboard_shortcut/>
    <list_action>false</list_action>
    <list_banner_button>false</list_banner_button>
    <list_button>false</list_button>
    <list_choice>false</list_choice>
    <list_context_menu>false</list_context_menu>
    <list_link>false</list_link>
    <list_save_with_form_button>false</list_save_with_form_button>
    <list_style/>
    <name>Invite</name>
    <onclick/>
    <order>100</order>
    <script><![CDATA[current.invited = true;
current.update();
gs.eventQueue('sn_hiring_feedback.interviewInvite', current, gs.getUserID(), gs.getUserName());]]></script>
    <show_insert>true</show_insert>
    <show_multiple_update>false</show_multiple_update>
    <show_query>false</show_query>
    <show_update>true</show_update>
    <sys_class_name>sys_ui_action</sys_class_name>
    <sys_created_by>admin</sys_created_by>
    <sys_created_on>2018-07-12 07:47:45</sys_created_on>
    <sys_domain>global</sys_domain>
    <sys_domain_path>/</sys_domain_path>
    <sys_id>f735a67837531300a128036973990e33</sys_id>
    <sys_mod_count>6</sys_mod_count>
    <sys_name>Invite</sys_name>
    <sys_overrides/>
    <sys_package display_value="Hiring Feedback" source="sn_hiring_feedback">817f729837831300a128036973990e47</sys_package>
    <sys_policy/>
    <sys_scope display_value="Hiring Feedback">817f729837831300a128036973990e47</sys_scope>
    <sys_update_name>sys_ui_action_f735a67837531300a128036973990e33</sys_update_name>
    <sys_updated_by>admin</sys_updated_by>
    <sys_updated_on>2019-03-20 06:48:23</sys_updated_on>
    <table>sn_hiring_feedback_interview</table>
    <ui11_compatible>true</ui11_compatible>
    <ui16_compatible>false</ui16_compatible>
  </sys_ui_action>
</record_update>
