<?xml version="1.0" encoding="UTF-8"?><record_update sys_domain="global" table="sys_script">
  <sys_script action="INSERT_OR_UPDATE">
    <abort_action>false</abort_action>
    <access>package_private</access>
    <action_delete>true</action_delete>
    <action_insert>false</action_insert>
    <action_query>false</action_query>
    <action_update>false</action_update>
    <active>true</active>
    <add_message>false</add_message>
    <advanced>true</advanced>
    <change_fields>false</change_fields>
    <client_callable>false</client_callable>
    <collection>sn_hiring_feedback_job</collection>
    <condition/>
    <description/>
    <execute_function>false</execute_function>
    <filter_condition/>
    <is_rest>false</is_rest>
    <message/>
    <name>delete_interviews_for_job</name>
    <order>100</order>
    <priority>100</priority>
    <rest_method/>
    <rest_method_text/>
    <rest_service/>
    <rest_service_text/>
    <rest_variables/>
    <role_conditions/>
    <script><![CDATA[(function executeRule(current, previous /*null when async*/) {
	
	/*
		Deletes interviews associated with a job applicant
	*/
	var gr = new GlideRecord('sn_hiring_feedback_interview');
	gr.addQuery('job', current.sys_id);
	gr.deleteMultiple();

})(current, previous);]]></script>
    <sys_class_name>sys_script</sys_class_name>
    <sys_created_by>admin</sys_created_by>
    <sys_created_on>2018-07-11 13:34:18</sys_created_on>
    <sys_domain>global</sys_domain>
    <sys_domain_path>/</sys_domain_path>
    <sys_id>ef0aaea037171300a128036973990e9b</sys_id>
    <sys_mod_count>3</sys_mod_count>
    <sys_name>delete_interviews_for_job</sys_name>
    <sys_overrides/>
    <sys_package display_value="Hiring Feedback" source="sn_hiring_feedback">817f729837831300a128036973990e47</sys_package>
    <sys_policy/>
    <sys_scope display_value="Hiring Feedback">817f729837831300a128036973990e47</sys_scope>
    <sys_update_name>sys_script_ef0aaea037171300a128036973990e9b</sys_update_name>
    <sys_updated_by>admin</sys_updated_by>
    <sys_updated_on>2019-03-20 06:21:45</sys_updated_on>
    <template/>
    <when>before</when>
  </sys_script>
  <sys_translated_text action="delete_multiple" query="documentkey=ef0aaea037171300a128036973990e9b"/>
</record_update>
