<?xml version="1.0" encoding="UTF-8"?><record_update sys_domain="global" table="sys_app_module">
  <sys_app_module action="INSERT_OR_UPDATE">
    <active>false</active>
    <application display_value="Hiring Feedback">43409f9037c31300a128036973990e4e</application>
    <assessment/>
    <device_type/>
    <filter/>
    <hint/>
    <homepage/>
    <image/>
    <link_type>LIST</link_type>
    <map_page/>
    <mobile_title>All Interviewers</mobile_title>
    <mobile_view_name>Mobile</mobile_view_name>
    <name>sn_hiring_feedback_temp_user</name>
    <order>700</order>
    <override_menu_roles>false</override_menu_roles>
    <query/>
    <report/>
    <roles>sn_hiring_feedback.recruiter</roles>
    <sys_class_name>sys_app_module</sys_class_name>
    <sys_created_by>admin</sys_created_by>
    <sys_created_on>2019-04-01 05:38:59</sys_created_on>
    <sys_domain>global</sys_domain>
    <sys_domain_path>/</sys_domain_path>
    <sys_id>29e1a0a1532433004dc0ddeeff7b12be</sys_id>
    <sys_mod_count>3</sys_mod_count>
    <sys_name>All Interviewers</sys_name>
    <sys_overrides/>
    <sys_package display_value="Hiring Feedback" source="sn_hiring_feedback">817f729837831300a128036973990e47</sys_package>
    <sys_policy/>
    <sys_scope display_value="Hiring Feedback">817f729837831300a128036973990e47</sys_scope>
    <sys_update_name>sys_app_module_29e1a0a1532433004dc0ddeeff7b12be</sys_update_name>
    <sys_updated_by>admin</sys_updated_by>
    <sys_updated_on>2019-04-08 01:01:46</sys_updated_on>
    <timeline_page/>
    <title>All Interviewers</title>
    <uncancelable>false</uncancelable>
    <view_name/>
    <window_name/>
  </sys_app_module>
</record_update>
