<?xml version="1.0" encoding="UTF-8"?>
<record_update table="sys_portal_preferences">
<sys_portal_preferences action="INSERT_OR_UPDATE">
<name>show_title</name>
<portal_section display_value="60db39960f7033007e1763cda8767ed3">60db39960f7033007e1763cda8767ed3</portal_section>
<sys_created_by>admin</sys_created_by>
<sys_created_on>2019-04-16 06:43:14</sys_created_on>
<sys_id>c4c0021a0f7033007e1763cda8767e4c</sys_id>
<sys_mod_count>1</sys_mod_count>
<sys_updated_by>admin</sys_updated_by>
<sys_updated_on>2019-05-02 05:21:51</sys_updated_on>
<value>false</value>
</sys_portal_preferences>
</record_update>
