<?xml version="1.0" encoding="UTF-8"?><record_update>
  <sys_ui_section caption="" section_id="09b5c87ac0a800050065fd6faebadc1d" sys_domain="global" table="sys_script_client" version="3" view="">
    <sys_ui_element action="INSERT_OR_UPDATE">
      <element>2f30ce74b3081300f7d1a13816a8dcba</element>
      <position>0</position>
      <sys_created_by>admin</sys_created_by>
      <sys_created_on>2019-04-05 04:39:37</sys_created_on>
      <sys_id>fdfa34f2536033004dc0ddeeff7b129b</sys_id>
      <sys_mod_count>0</sys_mod_count>
      <sys_ui_formatter/>
      <sys_ui_section caption="NULL" display_value="" name="sys_script_client" sys_domain="global" view="Default view">09b5c87ac0a800050065fd6faebadc1d</sys_ui_section>
      <sys_updated_by>admin</sys_updated_by>
      <sys_updated_on>2019-04-05 04:39:37</sys_updated_on>
      <sys_user/>
      <type>annotation</type>
    </sys_ui_element>
    <sys_ui_element action="INSERT_OR_UPDATE">
      <element>.begin_split</element>
      <position>1</position>
      <sys_created_by>admin</sys_created_by>
      <sys_created_on>2019-04-05 04:39:37</sys_created_on>
      <sys_id>71fa34f2536033004dc0ddeeff7b129c</sys_id>
      <sys_mod_count>0</sys_mod_count>
      <sys_ui_formatter/>
      <sys_ui_section caption="NULL" display_value="" name="sys_script_client" sys_domain="global" view="Default view">09b5c87ac0a800050065fd6faebadc1d</sys_ui_section>
      <sys_updated_by>admin</sys_updated_by>
      <sys_updated_on>2019-04-05 04:39:37</sys_updated_on>
      <sys_user/>
      <type>.begin_split</type>
    </sys_ui_element>
    <sys_ui_element action="INSERT_OR_UPDATE">
      <element>name</element>
      <position>2</position>
      <sys_created_by>admin</sys_created_by>
      <sys_created_on>2019-04-05 04:39:37</sys_created_on>
      <sys_id>f1fa34f2536033004dc0ddeeff7b129c</sys_id>
      <sys_mod_count>0</sys_mod_count>
      <sys_ui_formatter/>
      <sys_ui_section caption="NULL" display_value="" name="sys_script_client" sys_domain="global" view="Default view">09b5c87ac0a800050065fd6faebadc1d</sys_ui_section>
      <sys_updated_by>admin</sys_updated_by>
      <sys_updated_on>2019-04-05 04:39:37</sys_updated_on>
      <sys_user/>
      <type/>
    </sys_ui_element>
    <sys_ui_element action="INSERT_OR_UPDATE">
      <element>table</element>
      <position>3</position>
      <sys_created_by>admin</sys_created_by>
      <sys_created_on>2019-04-05 04:39:37</sys_created_on>
      <sys_id>75fa34f2536033004dc0ddeeff7b129c</sys_id>
      <sys_mod_count>0</sys_mod_count>
      <sys_ui_formatter/>
      <sys_ui_section caption="NULL" display_value="" name="sys_script_client" sys_domain="global" view="Default view">09b5c87ac0a800050065fd6faebadc1d</sys_ui_section>
      <sys_updated_by>admin</sys_updated_by>
      <sys_updated_on>2019-04-05 04:39:37</sys_updated_on>
      <sys_user/>
      <type/>
    </sys_ui_element>
    <sys_ui_element action="INSERT_OR_UPDATE">
      <element>ui_type</element>
      <position>4</position>
      <sys_created_by>admin</sys_created_by>
      <sys_created_on>2019-04-05 04:39:37</sys_created_on>
      <sys_id>f5fa34f2536033004dc0ddeeff7b129c</sys_id>
      <sys_mod_count>0</sys_mod_count>
      <sys_ui_formatter/>
      <sys_ui_section caption="NULL" display_value="" name="sys_script_client" sys_domain="global" view="Default view">09b5c87ac0a800050065fd6faebadc1d</sys_ui_section>
      <sys_updated_by>admin</sys_updated_by>
      <sys_updated_on>2019-04-05 04:39:37</sys_updated_on>
      <sys_user/>
      <type/>
    </sys_ui_element>
    <sys_ui_element action="INSERT_OR_UPDATE">
      <element>type</element>
      <position>5</position>
      <sys_created_by>admin</sys_created_by>
      <sys_created_on>2019-04-05 04:39:37</sys_created_on>
      <sys_id>79fa34f2536033004dc0ddeeff7b129c</sys_id>
      <sys_mod_count>0</sys_mod_count>
      <sys_ui_formatter/>
      <sys_ui_section caption="NULL" display_value="" name="sys_script_client" sys_domain="global" view="Default view">09b5c87ac0a800050065fd6faebadc1d</sys_ui_section>
      <sys_updated_by>admin</sys_updated_by>
      <sys_updated_on>2019-04-05 04:39:37</sys_updated_on>
      <sys_user/>
      <type/>
    </sys_ui_element>
    <sys_ui_element action="INSERT_OR_UPDATE">
      <element>field</element>
      <position>6</position>
      <sys_created_by>admin</sys_created_by>
      <sys_created_on>2019-04-05 04:39:37</sys_created_on>
      <sys_id>f9fa34f2536033004dc0ddeeff7b129c</sys_id>
      <sys_mod_count>0</sys_mod_count>
      <sys_ui_formatter/>
      <sys_ui_section caption="NULL" display_value="" name="sys_script_client" sys_domain="global" view="Default view">09b5c87ac0a800050065fd6faebadc1d</sys_ui_section>
      <sys_updated_by>admin</sys_updated_by>
      <sys_updated_on>2019-04-05 04:39:37</sys_updated_on>
      <sys_user/>
      <type/>
    </sys_ui_element>
    <sys_ui_element action="INSERT_OR_UPDATE">
      <element>isolate_script</element>
      <position>7</position>
      <sys_created_by>admin</sys_created_by>
      <sys_created_on>2019-04-05 04:39:37</sys_created_on>
      <sys_id>7dfa34f2536033004dc0ddeeff7b129c</sys_id>
      <sys_mod_count>0</sys_mod_count>
      <sys_ui_formatter/>
      <sys_ui_section caption="NULL" display_value="" name="sys_script_client" sys_domain="global" view="Default view">09b5c87ac0a800050065fd6faebadc1d</sys_ui_section>
      <sys_updated_by>admin</sys_updated_by>
      <sys_updated_on>2019-04-05 04:39:37</sys_updated_on>
      <sys_user/>
      <type/>
    </sys_ui_element>
    <sys_ui_element action="INSERT_OR_UPDATE">
      <element>.split</element>
      <position>8</position>
      <sys_created_by>admin</sys_created_by>
      <sys_created_on>2019-04-05 04:39:37</sys_created_on>
      <sys_id>fdfa34f2536033004dc0ddeeff7b129c</sys_id>
      <sys_mod_count>0</sys_mod_count>
      <sys_ui_formatter/>
      <sys_ui_section caption="NULL" display_value="" name="sys_script_client" sys_domain="global" view="Default view">09b5c87ac0a800050065fd6faebadc1d</sys_ui_section>
      <sys_updated_by>admin</sys_updated_by>
      <sys_updated_on>2019-04-05 04:39:37</sys_updated_on>
      <sys_user/>
      <type>.split</type>
    </sys_ui_element>
    <sys_ui_element action="INSERT_OR_UPDATE">
      <element>sys_scope</element>
      <position>9</position>
      <sys_created_by>admin</sys_created_by>
      <sys_created_on>2019-04-05 04:39:37</sys_created_on>
      <sys_id>71fa34f2536033004dc0ddeeff7b129d</sys_id>
      <sys_mod_count>0</sys_mod_count>
      <sys_ui_formatter/>
      <sys_ui_section caption="NULL" display_value="" name="sys_script_client" sys_domain="global" view="Default view">09b5c87ac0a800050065fd6faebadc1d</sys_ui_section>
      <sys_updated_by>admin</sys_updated_by>
      <sys_updated_on>2019-04-05 04:39:37</sys_updated_on>
      <sys_user/>
      <type/>
    </sys_ui_element>
    <sys_ui_element action="INSERT_OR_UPDATE">
      <element>active</element>
      <position>10</position>
      <sys_created_by>admin</sys_created_by>
      <sys_created_on>2019-04-05 04:39:37</sys_created_on>
      <sys_id>f1fa34f2536033004dc0ddeeff7b129d</sys_id>
      <sys_mod_count>0</sys_mod_count>
      <sys_ui_formatter/>
      <sys_ui_section caption="NULL" display_value="" name="sys_script_client" sys_domain="global" view="Default view">09b5c87ac0a800050065fd6faebadc1d</sys_ui_section>
      <sys_updated_by>admin</sys_updated_by>
      <sys_updated_on>2019-04-05 04:39:37</sys_updated_on>
      <sys_user/>
      <type/>
    </sys_ui_element>
    <sys_ui_element action="INSERT_OR_UPDATE">
      <element>applies_extended</element>
      <position>11</position>
      <sys_created_by>admin</sys_created_by>
      <sys_created_on>2019-04-05 04:39:37</sys_created_on>
      <sys_id>75fa34f2536033004dc0ddeeff7b129d</sys_id>
      <sys_mod_count>0</sys_mod_count>
      <sys_ui_formatter/>
      <sys_ui_section caption="NULL" display_value="" name="sys_script_client" sys_domain="global" view="Default view">09b5c87ac0a800050065fd6faebadc1d</sys_ui_section>
      <sys_updated_by>admin</sys_updated_by>
      <sys_updated_on>2019-04-05 04:39:37</sys_updated_on>
      <sys_user/>
      <type/>
    </sys_ui_element>
    <sys_ui_element action="INSERT_OR_UPDATE">
      <element>global</element>
      <position>12</position>
      <sys_created_by>admin</sys_created_by>
      <sys_created_on>2019-04-05 04:39:37</sys_created_on>
      <sys_id>f5fa34f2536033004dc0ddeeff7b129d</sys_id>
      <sys_mod_count>0</sys_mod_count>
      <sys_ui_formatter/>
      <sys_ui_section caption="NULL" display_value="" name="sys_script_client" sys_domain="global" view="Default view">09b5c87ac0a800050065fd6faebadc1d</sys_ui_section>
      <sys_updated_by>admin</sys_updated_by>
      <sys_updated_on>2019-04-05 04:39:37</sys_updated_on>
      <sys_user/>
      <type/>
    </sys_ui_element>
    <sys_ui_element action="INSERT_OR_UPDATE">
      <element>view</element>
      <position>13</position>
      <sys_created_by>admin</sys_created_by>
      <sys_created_on>2019-04-05 04:39:37</sys_created_on>
      <sys_id>79fa34f2536033004dc0ddeeff7b129d</sys_id>
      <sys_mod_count>0</sys_mod_count>
      <sys_ui_formatter/>
      <sys_ui_section caption="NULL" display_value="" name="sys_script_client" sys_domain="global" view="Default view">09b5c87ac0a800050065fd6faebadc1d</sys_ui_section>
      <sys_updated_by>admin</sys_updated_by>
      <sys_updated_on>2019-04-05 04:39:37</sys_updated_on>
      <sys_user/>
      <type/>
    </sys_ui_element>
    <sys_ui_element action="INSERT_OR_UPDATE">
      <element>.end_split</element>
      <position>14</position>
      <sys_created_by>admin</sys_created_by>
      <sys_created_on>2019-04-05 04:39:37</sys_created_on>
      <sys_id>f9fa34f2536033004dc0ddeeff7b129d</sys_id>
      <sys_mod_count>0</sys_mod_count>
      <sys_ui_formatter/>
      <sys_ui_section caption="NULL" display_value="" name="sys_script_client" sys_domain="global" view="Default view">09b5c87ac0a800050065fd6faebadc1d</sys_ui_section>
      <sys_updated_by>admin</sys_updated_by>
      <sys_updated_on>2019-04-05 04:39:37</sys_updated_on>
      <sys_user/>
      <type>.end_split</type>
    </sys_ui_element>
    <sys_ui_element action="INSERT_OR_UPDATE">
      <element>description</element>
      <position>15</position>
      <sys_created_by>admin</sys_created_by>
      <sys_created_on>2019-04-05 04:39:37</sys_created_on>
      <sys_id>7dfa34f2536033004dc0ddeeff7b129d</sys_id>
      <sys_mod_count>0</sys_mod_count>
      <sys_ui_formatter/>
      <sys_ui_section caption="NULL" display_value="" name="sys_script_client" sys_domain="global" view="Default view">09b5c87ac0a800050065fd6faebadc1d</sys_ui_section>
      <sys_updated_by>admin</sys_updated_by>
      <sys_updated_on>2019-04-05 04:39:37</sys_updated_on>
      <sys_user/>
      <type/>
    </sys_ui_element>
    <sys_ui_element action="INSERT_OR_UPDATE">
      <element>messages</element>
      <position>16</position>
      <sys_created_by>admin</sys_created_by>
      <sys_created_on>2019-04-05 04:39:37</sys_created_on>
      <sys_id>fdfa34f2536033004dc0ddeeff7b129d</sys_id>
      <sys_mod_count>0</sys_mod_count>
      <sys_ui_formatter/>
      <sys_ui_section caption="NULL" display_value="" name="sys_script_client" sys_domain="global" view="Default view">09b5c87ac0a800050065fd6faebadc1d</sys_ui_section>
      <sys_updated_by>admin</sys_updated_by>
      <sys_updated_on>2019-04-05 04:39:37</sys_updated_on>
      <sys_user/>
      <type/>
    </sys_ui_element>
    <sys_ui_element action="INSERT_OR_UPDATE">
      <element>script</element>
      <position>17</position>
      <sys_created_by>admin</sys_created_by>
      <sys_created_on>2019-04-05 04:39:37</sys_created_on>
      <sys_id>71fa34f2536033004dc0ddeeff7b129e</sys_id>
      <sys_mod_count>0</sys_mod_count>
      <sys_ui_formatter/>
      <sys_ui_section caption="NULL" display_value="" name="sys_script_client" sys_domain="global" view="Default view">09b5c87ac0a800050065fd6faebadc1d</sys_ui_section>
      <sys_updated_by>admin</sys_updated_by>
      <sys_updated_on>2019-04-05 04:39:37</sys_updated_on>
      <sys_user/>
      <type/>
    </sys_ui_element>
    <sys_ui_section action="INSERT_OR_UPDATE">
      <caption/>
      <header>false</header>
      <name>sys_script_client</name>
      <roles/>
      <sys_class_name>sys_ui_section</sys_class_name>
      <sys_created_by>glide.maint</sys_created_by>
      <sys_created_on>2006-08-13 22:45:10</sys_created_on>
      <sys_domain>global</sys_domain>
      <sys_domain_path>/</sys_domain_path>
      <sys_id>09b5c87ac0a800050065fd6faebadc1d</sys_id>
      <sys_mod_count>0</sys_mod_count>
      <sys_name>sys_script_client</sys_name>
      <sys_overrides/>
      <sys_package display_value="System (glidesoft)" source="glidesoft">b01a2e02dc203300f3ae5794cc00befd</sys_package>
      <sys_policy/>
      <sys_scope display_value="Global">global</sys_scope>
      <sys_update_name>sys_ui_section_09b5c87ac0a800050065fd6faebadc1d</sys_update_name>
      <sys_updated_by>glide.maint</sys_updated_by>
      <sys_updated_on>2007-12-18 00:22:51</sys_updated_on>
      <sys_user/>
      <title>true</title>
      <view display_value="Default view" name="NULL">Default view</view>
      <view_name/>
    </sys_ui_section>
  </sys_ui_section>
</record_update>
