<?xml version="1.0" encoding="UTF-8"?>
<record_update table="sys_portal_preferences">
<sys_portal_preferences action="INSERT_OR_UPDATE">
<name>show_header</name>
<portal_section display_value="31eb79d60f7033007e1763cda8767ee0">31eb79d60f7033007e1763cda8767ee0</portal_section>
<sys_created_by>admin</sys_created_by>
<sys_created_on>2019-04-16 06:43:18</sys_created_on>
<sys_id>09c0021a0f7033007e1763cda8767e95</sys_id>
<sys_mod_count>0</sys_mod_count>
<sys_updated_by>admin</sys_updated_by>
<sys_updated_on>2019-04-16 06:43:18</sys_updated_on>
<value>true</value>
</sys_portal_preferences>
</record_update>
