<?xml version="1.0" encoding="UTF-8"?>
<record_update>
  <sys_ui_list parent="" relationship="" sys_domain="global" table="sn_hiring_feedback_quality_engineering" version="2" view="">
    <sys_ui_list_element action="INSERT_OR_UPDATE">
      <average_value>false</average_value>
      <element>round</element>
      <list_id display_value="sn_hiring_feedback_quality_engineering" element="NULL" name="sn_hiring_feedback_quality_engineering" parent="NULL" relationship="NULL" sys_domain="global" view="Default view">b7a14ef173c3c4107e88ef66fbf6a786</list_id>
      <max_value>false</max_value>
      <min_value>false</min_value>
      <position>0</position>
      <sum>false</sum>
      <sys_created_by>admin</sys_created_by>
      <sys_created_on>2020-02-19 10:02:47</sys_created_on>
      <sys_id>fba14ef173c3c4107e88ef66fbf6a786</sys_id>
      <sys_mod_count>0</sys_mod_count>
      <sys_updated_by>admin</sys_updated_by>
      <sys_updated_on>2020-02-19 10:02:47</sys_updated_on>
    </sys_ui_list_element>
    <sys_ui_list_element action="INSERT_OR_UPDATE">
      <average_value>false</average_value>
      <element>interview_type</element>
      <list_id display_value="sn_hiring_feedback_quality_engineering" element="NULL" name="sn_hiring_feedback_quality_engineering" parent="NULL" relationship="NULL" sys_domain="global" view="Default view">b7a14ef173c3c4107e88ef66fbf6a786</list_id>
      <max_value>false</max_value>
      <min_value>false</min_value>
      <position>1</position>
      <sum>false</sum>
      <sys_created_by>admin</sys_created_by>
      <sys_created_on>2020-02-19 10:02:47</sys_created_on>
      <sys_id>7fa14ef173c3c4107e88ef66fbf6a786</sys_id>
      <sys_mod_count>0</sys_mod_count>
      <sys_updated_by>admin</sys_updated_by>
      <sys_updated_on>2020-02-19 10:02:47</sys_updated_on>
    </sys_ui_list_element>
    <sys_ui_list_element action="INSERT_OR_UPDATE">
      <average_value>false</average_value>
      <element>interviewer_email</element>
      <list_id display_value="sn_hiring_feedback_quality_engineering" element="NULL" name="sn_hiring_feedback_quality_engineering" parent="NULL" relationship="NULL" sys_domain="global" view="Default view">b7a14ef173c3c4107e88ef66fbf6a786</list_id>
      <max_value>false</max_value>
      <min_value>false</min_value>
      <position>2</position>
      <sum>false</sum>
      <sys_created_by>admin</sys_created_by>
      <sys_created_on>2020-02-19 10:02:47</sys_created_on>
      <sys_id>ffa14ef173c3c4107e88ef66fbf6a786</sys_id>
      <sys_mod_count>0</sys_mod_count>
      <sys_updated_by>admin</sys_updated_by>
      <sys_updated_on>2020-02-19 10:02:47</sys_updated_on>
    </sys_ui_list_element>
    <sys_ui_list_element action="INSERT_OR_UPDATE">
      <average_value>false</average_value>
      <element>job.candidate_name</element>
      <list_id display_value="sn_hiring_feedback_quality_engineering" element="NULL" name="sn_hiring_feedback_quality_engineering" parent="NULL" relationship="NULL" sys_domain="global" view="Default view">b7a14ef173c3c4107e88ef66fbf6a786</list_id>
      <max_value>false</max_value>
      <min_value>false</min_value>
      <position>3</position>
      <sum>false</sum>
      <sys_created_by>admin</sys_created_by>
      <sys_created_on>2020-02-19 10:02:47</sys_created_on>
      <sys_id>73a14ef173c3c4107e88ef66fbf6a787</sys_id>
      <sys_mod_count>0</sys_mod_count>
      <sys_updated_by>admin</sys_updated_by>
      <sys_updated_on>2020-02-19 10:02:47</sys_updated_on>
    </sys_ui_list_element>
    <sys_ui_list_element action="INSERT_OR_UPDATE">
      <average_value>false</average_value>
      <element>status</element>
      <list_id display_value="sn_hiring_feedback_quality_engineering" element="NULL" name="sn_hiring_feedback_quality_engineering" parent="NULL" relationship="NULL" sys_domain="global" view="Default view">b7a14ef173c3c4107e88ef66fbf6a786</list_id>
      <max_value>false</max_value>
      <min_value>false</min_value>
      <position>4</position>
      <sum>false</sum>
      <sys_created_by>admin</sys_created_by>
      <sys_created_on>2020-02-19 10:02:47</sys_created_on>
      <sys_id>f3a14ef173c3c4107e88ef66fbf6a787</sys_id>
      <sys_mod_count>0</sys_mod_count>
      <sys_updated_by>admin</sys_updated_by>
      <sys_updated_on>2020-02-19 10:02:47</sys_updated_on>
    </sys_ui_list_element>
    <sys_ui_list_element action="INSERT_OR_UPDATE">
      <average_value>false</average_value>
      <element>skill1</element>
      <list_id display_value="sn_hiring_feedback_quality_engineering" element="NULL" name="sn_hiring_feedback_quality_engineering" parent="NULL" relationship="NULL" sys_domain="global" view="Default view">b7a14ef173c3c4107e88ef66fbf6a786</list_id>
      <max_value>false</max_value>
      <min_value>false</min_value>
      <position>5</position>
      <sum>false</sum>
      <sys_created_by>admin</sys_created_by>
      <sys_created_on>2020-02-19 10:02:47</sys_created_on>
      <sys_id>77a14ef173c3c4107e88ef66fbf6a787</sys_id>
      <sys_mod_count>0</sys_mod_count>
      <sys_updated_by>admin</sys_updated_by>
      <sys_updated_on>2020-02-19 10:02:47</sys_updated_on>
    </sys_ui_list_element>
    <sys_ui_list_element action="INSERT_OR_UPDATE">
      <average_value>false</average_value>
      <element>skill2</element>
      <list_id display_value="sn_hiring_feedback_quality_engineering" element="NULL" name="sn_hiring_feedback_quality_engineering" parent="NULL" relationship="NULL" sys_domain="global" view="Default view">b7a14ef173c3c4107e88ef66fbf6a786</list_id>
      <max_value>false</max_value>
      <min_value>false</min_value>
      <position>6</position>
      <sum>false</sum>
      <sys_created_by>admin</sys_created_by>
      <sys_created_on>2020-02-19 10:02:47</sys_created_on>
      <sys_id>f7a14ef173c3c4107e88ef66fbf6a787</sys_id>
      <sys_mod_count>0</sys_mod_count>
      <sys_updated_by>admin</sys_updated_by>
      <sys_updated_on>2020-02-19 10:02:47</sys_updated_on>
    </sys_ui_list_element>
    <sys_ui_list_element action="INSERT_OR_UPDATE">
      <average_value>false</average_value>
      <element>skill3</element>
      <list_id display_value="sn_hiring_feedback_quality_engineering" element="NULL" name="sn_hiring_feedback_quality_engineering" parent="NULL" relationship="NULL" sys_domain="global" view="Default view">b7a14ef173c3c4107e88ef66fbf6a786</list_id>
      <max_value>false</max_value>
      <min_value>false</min_value>
      <position>7</position>
      <sum>false</sum>
      <sys_created_by>admin</sys_created_by>
      <sys_created_on>2020-02-19 10:02:47</sys_created_on>
      <sys_id>7ba14ef173c3c4107e88ef66fbf6a787</sys_id>
      <sys_mod_count>0</sys_mod_count>
      <sys_updated_by>admin</sys_updated_by>
      <sys_updated_on>2020-02-19 10:02:47</sys_updated_on>
    </sys_ui_list_element>
    <sys_ui_list_element action="INSERT_OR_UPDATE">
      <average_value>false</average_value>
      <element>skill4</element>
      <list_id display_value="sn_hiring_feedback_quality_engineering" element="NULL" name="sn_hiring_feedback_quality_engineering" parent="NULL" relationship="NULL" sys_domain="global" view="Default view">b7a14ef173c3c4107e88ef66fbf6a786</list_id>
      <max_value>false</max_value>
      <min_value>false</min_value>
      <position>8</position>
      <sum>false</sum>
      <sys_created_by>admin</sys_created_by>
      <sys_created_on>2020-02-19 10:02:47</sys_created_on>
      <sys_id>fba14ef173c3c4107e88ef66fbf6a787</sys_id>
      <sys_mod_count>0</sys_mod_count>
      <sys_updated_by>admin</sys_updated_by>
      <sys_updated_on>2020-02-19 10:02:47</sys_updated_on>
    </sys_ui_list_element>
    <sys_ui_list_element action="INSERT_OR_UPDATE">
      <average_value>false</average_value>
      <element>skill5</element>
      <list_id display_value="sn_hiring_feedback_quality_engineering" element="NULL" name="sn_hiring_feedback_quality_engineering" parent="NULL" relationship="NULL" sys_domain="global" view="Default view">b7a14ef173c3c4107e88ef66fbf6a786</list_id>
      <max_value>false</max_value>
      <min_value>false</min_value>
      <position>9</position>
      <sum>false</sum>
      <sys_created_by>admin</sys_created_by>
      <sys_created_on>2020-02-19 10:02:47</sys_created_on>
      <sys_id>7fa14ef173c3c4107e88ef66fbf6a787</sys_id>
      <sys_mod_count>0</sys_mod_count>
      <sys_updated_by>admin</sys_updated_by>
      <sys_updated_on>2020-02-19 10:02:47</sys_updated_on>
    </sys_ui_list_element>
    <sys_ui_list_element action="INSERT_OR_UPDATE">
      <average_value>false</average_value>
      <element>overall_comments</element>
      <list_id display_value="sn_hiring_feedback_quality_engineering" element="NULL" name="sn_hiring_feedback_quality_engineering" parent="NULL" relationship="NULL" sys_domain="global" view="Default view">b7a14ef173c3c4107e88ef66fbf6a786</list_id>
      <max_value>false</max_value>
      <min_value>false</min_value>
      <position>10</position>
      <sum>false</sum>
      <sys_created_by>admin</sys_created_by>
      <sys_created_on>2020-02-19 10:02:47</sys_created_on>
      <sys_id>ffa14ef173c3c4107e88ef66fbf6a787</sys_id>
      <sys_mod_count>0</sys_mod_count>
      <sys_updated_by>admin</sys_updated_by>
      <sys_updated_on>2020-02-19 10:02:47</sys_updated_on>
    </sys_ui_list_element>
    <sys_ui_list_element action="INSERT_OR_UPDATE">
      <average_value>false</average_value>
      <element>next_interviewer_notes</element>
      <list_id display_value="sn_hiring_feedback_quality_engineering" element="NULL" name="sn_hiring_feedback_quality_engineering" parent="NULL" relationship="NULL" sys_domain="global" view="Default view">b7a14ef173c3c4107e88ef66fbf6a786</list_id>
      <max_value>false</max_value>
      <min_value>false</min_value>
      <position>11</position>
      <sum>false</sum>
      <sys_created_by>admin</sys_created_by>
      <sys_created_on>2020-02-19 10:02:47</sys_created_on>
      <sys_id>73a14ef173c3c4107e88ef66fbf6a788</sys_id>
      <sys_mod_count>0</sys_mod_count>
      <sys_updated_by>admin</sys_updated_by>
      <sys_updated_on>2020-02-19 10:02:47</sys_updated_on>
    </sys_ui_list_element>
    <sys_ui_list action="INSERT_OR_UPDATE">
      <average_value>false</average_value>
      <element/>
      <max_value>false</max_value>
      <min_value>false</min_value>
      <name>sn_hiring_feedback_quality_engineering</name>
      <parent/>
      <position/>
      <relationship/>
      <sum>false</sum>
      <sys_class_name>sys_ui_list</sys_class_name>
      <sys_created_by>admin</sys_created_by>
      <sys_created_on>2020-02-19 10:02:47</sys_created_on>
      <sys_domain>global</sys_domain>
      <sys_domain_path>/</sys_domain_path>
      <sys_id>b7a14ef173c3c4107e88ef66fbf6a786</sys_id>
      <sys_mod_count>0</sys_mod_count>
      <sys_name>sn_hiring_feedback_quality_engineering</sys_name>
      <sys_package display_value="Hiring Feedback" source="sn_hiring_feedback">817f729837831300a128036973990e47</sys_package>
      <sys_policy/>
      <sys_scope display_value="Hiring Feedback">817f729837831300a128036973990e47</sys_scope>
      <sys_update_name>sys_ui_list_sn_hiring_feedback_quality_engineering_null</sys_update_name>
      <sys_updated_by>admin</sys_updated_by>
      <sys_updated_on>2020-02-19 10:02:47</sys_updated_on>
      <sys_user/>
      <view display_value="Default view" name="NULL">Default view</view>
      <view_name/>
    </sys_ui_list>
  </sys_ui_list>
</record_update>
