<?xml version="1.0" encoding="UTF-8"?>
<record_update table="sys_portal_preferences">
<sys_portal_preferences action="INSERT_OR_UPDATE">
<name>can_publish</name>
<portal_section display_value="e5af83fa0f4133007e1763cda8767ef4">e5af83fa0f4133007e1763cda8767ef4</portal_section>
<sys_created_by>admin</sys_created_by>
<sys_created_on>2019-04-30 12:00:37</sys_created_on>
<sys_id>29af83fa0f4133007e1763cda8767ef5</sys_id>
<sys_mod_count>0</sys_mod_count>
<sys_updated_by>admin</sys_updated_by>
<sys_updated_on>2019-04-30 12:00:37</sys_updated_on>
<value>true</value>
</sys_portal_preferences>
</record_update>
