<?xml version="1.0" encoding="UTF-8"?><record_update table="sys_security_acl">
  <sys_security_acl action="INSERT_OR_UPDATE">
    <active>true</active>
    <admin_overrides>true</admin_overrides>
    <advanced>true</advanced>
    <condition/>
    <description>Recruiters, Managers and Interviewers can CREATE.</description>
    <express_security>false</express_security>
    <name>sn_hiring_feedback_interview</name>
    <operation display_value="create">create</operation>
    <script><![CDATA[var recruiter = gs.getUser().hasRole('sn_hiring_feedback.recruiter');
var manager = gs.getUser().hasRole('sn_hiring_feedback.manager');
var interviewer = gs.getUser().hasRole('sn_hiring_feedback.interviewer');

answer = recruiter || manager || interviewer;]]></script>
    <sys_class_name>sys_security_acl</sys_class_name>
    <sys_created_by>admin</sys_created_by>
    <sys_created_on>2018-06-28 10:15:14</sys_created_on>
    <sys_id>a20143d837831300a128036973990e43</sys_id>
    <sys_mod_count>29</sys_mod_count>
    <sys_name>sn_hiring_feedback_interview</sys_name>
    <sys_package display_value="Hiring Feedback" source="sn_hiring_feedback">817f729837831300a128036973990e47</sys_package>
    <sys_policy/>
    <sys_scope display_value="Hiring Feedback">817f729837831300a128036973990e47</sys_scope>
    <sys_update_name>sys_security_acl_a20143d837831300a128036973990e43</sys_update_name>
    <sys_updated_by>admin</sys_updated_by>
    <sys_updated_on>2019-03-20 08:41:28</sys_updated_on>
    <type display_value="record">record</type>
  </sys_security_acl>
</record_update>
