<?xml version="1.0" encoding="UTF-8"?><record_update table="sys_ui_action_role">
  <sys_ui_action_role action="INSERT_OR_UPDATE">
    <sys_class_name>sys_ui_action_role</sys_class_name>
    <sys_created_by>admin</sys_created_by>
    <sys_created_on>2019-04-15 09:15:40</sys_created_on>
    <sys_id>b6b9d98a537033004dc0ddeeff7b1237</sys_id>
    <sys_mod_count>0</sys_mod_count>
    <sys_name>View All Comments.sn_hiring_feedback.recruiter</sys_name>
    <sys_package display_value="Hiring Feedback" source="sn_hiring_feedback">817f729837831300a128036973990e47</sys_package>
    <sys_policy/>
    <sys_scope display_value="Hiring Feedback">817f729837831300a128036973990e47</sys_scope>
    <sys_ui_action display_value="View All Comments">bf967c42537033004dc0ddeeff7b1276</sys_ui_action>
    <sys_update_name>sys_ui_action_role_b6b9d98a537033004dc0ddeeff7b1237</sys_update_name>
    <sys_updated_by>admin</sys_updated_by>
    <sys_updated_on>2019-04-15 09:15:40</sys_updated_on>
    <sys_user_role display_value="sn_hiring_feedback.recruiter" name="sn_hiring_feedback.recruiter">0c2a04480fbb23007e1763cda8767e9d</sys_user_role>
  </sys_ui_action_role>
</record_update>
