<?xml version="1.0" encoding="UTF-8"?><record_update table="sys_security_acl_role">
  <sys_security_acl_role action="INSERT_OR_UPDATE">
    <sys_class_name>sys_security_acl_role</sys_class_name>
    <sys_created_by>admin</sys_created_by>
    <sys_created_on>2019-04-04 05:11:09</sys_created_on>
    <sys_id>0e987b960f2033007e1763cda8767ee0</sys_id>
    <sys_mod_count>0</sys_mod_count>
    <sys_name>sn_hiring_feedback_fix_table.sn_hiring_feedback.fix_table_user</sys_name>
    <sys_package display_value="Hiring Feedback" source="sn_hiring_feedback">817f729837831300a128036973990e47</sys_package>
    <sys_policy/>
    <sys_scope display_value="Hiring Feedback">817f729837831300a128036973990e47</sys_scope>
    <sys_security_acl display_value="sn_hiring_feedback_fix_table">8a987b960f2033007e1763cda8767edd</sys_security_acl>
    <sys_update_name>sys_security_acl_role_0e987b960f2033007e1763cda8767ee0</sys_update_name>
    <sys_updated_by>admin</sys_updated_by>
    <sys_updated_on>2019-04-04 05:11:09</sys_updated_on>
    <sys_user_role display_value="sn_hiring_feedback.fix_table_user" name="sn_hiring_feedback.fix_table_user">b1987b960f2033007e1763cda8767e35</sys_user_role>
    <transaction_id/>
  </sys_security_acl_role>
</record_update>
