<?xml version="1.0" encoding="UTF-8"?><record_update table="sys_security_acl">
  <sys_security_acl action="DELETE">
    <active>true</active>
    <admin_overrides>true</admin_overrides>
    <advanced>false</advanced>
    <condition/>
    <description>Default access control on sn_hiring_feedback_event</description>
    <name>sn_hiring_feedback_event</name>
    <operation display_value="delete">delete</operation>
    <script/>
    <sys_class_name>sys_security_acl</sys_class_name>
    <sys_created_by>admin</sys_created_by>
    <sys_created_on>2019-02-22 05:14:49</sys_created_on>
    <sys_id>7730f41d0f7323007e1763cda8767e3a</sys_id>
    <sys_mod_count>0</sys_mod_count>
    <sys_name>sn_hiring_feedback_event</sys_name>
    <sys_package display_value="Hiring Feedback" source="sn_hiring_feedback">817f729837831300a128036973990e47</sys_package>
    <sys_policy/>
    <sys_scope display_value="Hiring Feedback">817f729837831300a128036973990e47</sys_scope>
    <sys_update_name>sys_security_acl_7730f41d0f7323007e1763cda8767e3a</sys_update_name>
    <sys_updated_by>admin</sys_updated_by>
    <sys_updated_on>2019-02-22 05:14:49</sys_updated_on>
    <type display_value="record">record</type>
  </sys_security_acl>
</record_update>
