<?xml version="1.0" encoding="UTF-8"?><record_update sys_domain="global" table="sys_ui_module">
  <sys_ui_module action="INSERT_OR_UPDATE">
    <active>true</active>
    <application display_value="Hiring Feedback">7567337cb7bb23008fee6f28ee11a971</application>
    <filter table="sn_hiring_feedback_interview">status=pending^interviewer_email=javascript:gs.getUserID()^EQ<item endquery="false" field="status" goto="false" newquery="false" operator="=" or="false" value="pending"/>
      <item endquery="false" field="interviewer_email" goto="false" newquery="false" operator="=" or="false" value="javascript:gs.getUserID()"/>
      <item endquery="true" field="" goto="false" newquery="false" operator="=" or="false" value=""/>
    </filter>
    <name>My Pending Interviews</name>
    <order>10</order>
    <path/>
    <path_relative_to_root>false</path_relative_to_root>
    <roles>sn_hiring_feedback.interviewer,sn_hiring_feedback.manager,sn_hiring_feedback.recruiter</roles>
    <sys_class_name>sys_ui_module</sys_class_name>
    <sys_created_by>admin</sys_created_by>
    <sys_created_on>2019-02-25 05:53:20</sys_created_on>
    <sys_domain>global</sys_domain>
    <sys_domain_path>/</sys_domain_path>
    <sys_id>778558520f3723007e1763cda8767e07</sys_id>
    <sys_mod_count>4</sys_mod_count>
    <sys_name>My Pending Interviews</sys_name>
    <sys_package display_value="Hiring Feedback" source="sn_hiring_feedback">817f729837831300a128036973990e47</sys_package>
    <sys_policy/>
    <sys_scope display_value="Hiring Feedback">817f729837831300a128036973990e47</sys_scope>
    <sys_update_name>sys_ui_module_778558520f3723007e1763cda8767e07</sys_update_name>
    <sys_updated_by>admin</sys_updated_by>
    <sys_updated_on>2019-04-10 05:18:07</sys_updated_on>
    <table>sn_hiring_feedback_interview</table>
    <uncancelable>false</uncancelable>
    <view_name/>
  </sys_ui_module>
</record_update>
