<?xml version="1.0" encoding="UTF-8"?>
<record_update sys_domain="global" table="sys_script">
  <sys_script action="INSERT_OR_UPDATE">
    <abort_action>false</abort_action>
    <access>package_private</access>
    <action_delete>false</action_delete>
    <action_insert>true</action_insert>
    <action_query>false</action_query>
    <action_update>false</action_update>
    <active>true</active>
    <add_message>false</add_message>
    <advanced>true</advanced>
    <change_fields>false</change_fields>
    <client_callable>false</client_callable>
    <collection>sn_hiring_feedback_interview</collection>
    <condition/>
    <description/>
    <execute_function>false</execute_function>
    <filter_condition/>
    <is_rest>false</is_rest>
    <message/>
    <name>create_previous_comments_interview</name>
    <order>100</order>
    <priority>100</priority>
    <rest_method/>
    <rest_method_text/>
    <rest_service/>
    <rest_service_text/>
    <rest_variables/>
    <role_conditions/>
    <script><![CDATA[(function executeRule(current, previous /*null when async*/ ) {

    /*
    	Getting round and populating previous rounds comments in prev_comments fields
    	If no comments are present previous comments are populated with 'No comment'
    */
    var i;
    var currentRound = current.round;
    var jobId = current.job;
    var interviewId = current.getUniqueValue();

    var interviewRecords = new GlideRecord('sn_hiring_feedback_interview');
    interviewRecords.addQuery('job', jobId);
    interviewRecords.addQuery('round', '<', currentRound + '');
    interviewRecords.orderBy('round');
    interviewRecords.query();

    var numberOfCompetencies = current.job.job_role.number_of_competencies;
    var interview = {};
    for (i = 1; i <= numberOfCompetencies; i++) {
        interview['skill' + i] = [];
    }

    var overall_comments = [];

    var comment = null;
    var interviewer_username = null;
    var sysUserGr = new GlideRecord('sys_user');

    /*
    	Stores comments into list.
    */
    while (interviewRecords.next()) {

        /*
        	Copies next interviewer notes from last 
        	interview to previous interview notes.
        */
        if (current.previous_interview == '' && parseInt(interviewRecords.getValue('round')) == currentRound - 1) {
            current.previous_interview = interviewRecords.sys_id;
            current.setValue('previous_interviewer_notes', interviewRecords.getValue('next_interviewer_notes'));
        }

        interviewer_username = sysUserGr.get(interviewRecords.getValue('interviewer_email'));
        interviewer_username = sysUserGr.user_name;

        //skills
        for (i = 1; i <= numberOfCompetencies; i++) {
            interview['skill' + i].push('Round ' + interviewRecords.getValue('round') +
                ' (' + interviewer_username + ')');
            comment = interviewRecords.getValue('skill' + i);
            if (comment == null) comment = 'No comment';
            interview['skill' + i].push(comment);
            interview['skill' + i].push('');
        }

        // Fitment/ Overall Comments
        overall_comments.push('Round ' + interviewRecords.getValue('round') +
            ' (' + interviewer_username + ')');
        comment = interviewRecords.getValue('overall_comments');
        if (comment == null) comment = 'No comment';
        overall_comments.push(comment);
        overall_comments.push('');
    }
    for (i = 1; i <= numberOfCompetencies; i++) {
        current.setValue('previous_comments_skill' + i, interview['skill' + i].join('\n'));
    }
	gs.info(overall_comments.join('\n'));
    current.setValue('previous_comments_overall_comments', overall_comments.join('\n'));
	gs.info(current.getValue('previous_comments_overall_comments'));

})(current, previous);]]></script>
    <sys_class_name>sys_script</sys_class_name>
    <sys_created_by>admin</sys_created_by>
    <sys_created_on>2019-02-25 06:56:09</sys_created_on>
    <sys_domain>global</sys_domain>
    <sys_domain_path>/</sys_domain_path>
    <sys_id>0ebf901eb73f23008fee6f28ee11a90e</sys_id>
    <sys_mod_count>48</sys_mod_count>
    <sys_name>create_previous_comments_interview</sys_name>
    <sys_overrides/>
    <sys_package display_value="Hiring Feedback" source="sn_hiring_feedback">817f729837831300a128036973990e47</sys_package>
    <sys_policy/>
    <sys_scope display_value="Hiring Feedback">817f729837831300a128036973990e47</sys_scope>
    <sys_update_name>sys_script_0ebf901eb73f23008fee6f28ee11a90e</sys_update_name>
    <sys_updated_by>admin</sys_updated_by>
    <sys_updated_on>2020-02-11 06:02:03</sys_updated_on>
    <template/>
    <when>before</when>
  </sys_script>
  <sys_translated_text action="delete_multiple" query="documentkey=0ebf901eb73f23008fee6f28ee11a90e"/>
</record_update>
