<?xml version="1.0" encoding="UTF-8"?><record_update>
  <sys_choice action="INSERT_OR_UPDATE" field="status" table="sn_hiring_feedback_job" version="3">
    <sys_choice action="INSERT_OR_UPDATE">
      <dependent_value/>
      <element>status</element>
      <hint/>
      <inactive>false</inactive>
      <label>In Process</label>
      <language>en</language>
      <name>sn_hiring_feedback_job</name>
      <sequence>10</sequence>
      <sys_created_by>admin</sys_created_by>
      <sys_created_on>2019-02-20 10:18:19</sys_created_on>
      <sys_domain>global</sys_domain>
      <sys_domain_path>/</sys_domain_path>
      <sys_id>da8263680f3323007e1763cda8767ede</sys_id>
      <sys_mod_count>3</sys_mod_count>
      <sys_updated_by>admin</sys_updated_by>
      <sys_updated_on>2019-02-20 10:19:30</sys_updated_on>
      <value>in_process</value>
    </sys_choice>
    <sys_choice action="INSERT_OR_UPDATE">
      <dependent_value/>
      <element>status</element>
      <hint/>
      <inactive>false</inactive>
      <label>Selected</label>
      <language>en</language>
      <name>sn_hiring_feedback_job</name>
      <sequence>20</sequence>
      <sys_created_by>admin</sys_created_by>
      <sys_created_on>2019-02-20 10:19:40</sys_created_on>
      <sys_domain>global</sys_domain>
      <sys_domain_path>/</sys_domain_path>
      <sys_id>54b2e3680f3323007e1763cda8767e6f</sys_id>
      <sys_mod_count>4</sys_mod_count>
      <sys_updated_by>admin</sys_updated_by>
      <sys_updated_on>2019-02-20 10:24:04</sys_updated_on>
      <value>selected</value>
    </sys_choice>
    <sys_choice action="INSERT_OR_UPDATE">
      <dependent_value/>
      <element>status</element>
      <hint/>
      <inactive>false</inactive>
      <label>Not Selected</label>
      <language>en</language>
      <name>sn_hiring_feedback_job</name>
      <sequence>30</sequence>
      <sys_created_by>admin</sys_created_by>
      <sys_created_on>2019-02-20 10:19:59</sys_created_on>
      <sys_domain>global</sys_domain>
      <sys_domain_path>/</sys_domain_path>
      <sys_id>46d2e3680f3323007e1763cda8767ebc</sys_id>
      <sys_mod_count>2</sys_mod_count>
      <sys_updated_by>admin</sys_updated_by>
      <sys_updated_on>2019-02-20 10:20:08</sys_updated_on>
      <value>not_selected</value>
    </sys_choice>
    <sys_choice action="INSERT_OR_UPDATE">
      <dependent_value/>
      <element>status</element>
      <hint/>
      <inactive>false</inactive>
      <label>No Show</label>
      <language>en</language>
      <name>sn_hiring_feedback_job</name>
      <sequence>40</sequence>
      <sys_created_by>admin</sys_created_by>
      <sys_created_on>2019-02-21 04:54:10</sys_created_on>
      <sys_domain>global</sys_domain>
      <sys_domain_path>/</sys_domain_path>
      <sys_id>d1c167b00f7323007e1763cda8767e29</sys_id>
      <sys_mod_count>2</sys_mod_count>
      <sys_updated_by>admin</sys_updated_by>
      <sys_updated_on>2019-02-21 04:54:20</sys_updated_on>
      <value>no_show</value>
    </sys_choice>
    <sys_choice_set action="INSERT_OR_UPDATE">
      <element>status</element>
      <name>sn_hiring_feedback_job</name>
      <sys_class_name>sys_choice_set</sys_class_name>
      <sys_created_by>admin</sys_created_by>
      <sys_created_on>2019-02-20 10:18:19</sys_created_on>
      <sys_id>168263680f3323007e1763cda8767edf</sys_id>
      <sys_mod_count>0</sys_mod_count>
      <sys_name>status</sys_name>
      <sys_package display_value="Hiring Feedback" source="sn_hiring_feedback">817f729837831300a128036973990e47</sys_package>
      <sys_policy/>
      <sys_scope display_value="Hiring Feedback">817f729837831300a128036973990e47</sys_scope>
      <sys_update_name>sys_choice_sn_hiring_feedback_job_status</sys_update_name>
      <sys_updated_by>admin</sys_updated_by>
      <sys_updated_on>2019-02-20 10:18:19</sys_updated_on>
    </sys_choice_set>
  </sys_choice>
</record_update>
