<?xml version="1.0" encoding="UTF-8"?><record_update table="sys_security_acl_role">
  <sys_security_acl_role action="DELETE">
    <sys_class_name>sys_security_acl_role</sys_class_name>
    <sys_created_by>admin</sys_created_by>
    <sys_created_on>2019-04-01 05:48:09</sys_created_on>
    <sys_id>a444e8e1532433004dc0ddeeff7b1241</sys_id>
    <sys_mod_count>0</sys_mod_count>
    <sys_name>sn_hiring_feedback_temp_user.admin</sys_name>
    <sys_package display_value="Hiring Feedback" source="sn_hiring_feedback">817f729837831300a128036973990e47</sys_package>
    <sys_policy/>
    <sys_scope display_value="Hiring Feedback">817f729837831300a128036973990e47</sys_scope>
    <sys_security_acl display_value="sn_hiring_feedback_temp_user">6a27641a0f3723007e1763cda8767eaa</sys_security_acl>
    <sys_update_name>sys_security_acl_role_a444e8e1532433004dc0ddeeff7b1241</sys_update_name>
    <sys_updated_by>admin</sys_updated_by>
    <sys_updated_on>2019-04-01 05:48:09</sys_updated_on>
    <sys_user_role display_value="admin" name="admin">2831a114c611228501d4ea6c309d626d</sys_user_role>
    <transaction_id/>
  </sys_security_acl_role>
</record_update>
