<?xml version="1.0" encoding="UTF-8"?>
<record_update table="sys_portal">
<sys_portal action="INSERT_OR_UPDATE">
<dropzone/>
<offset/>
<page display_value="PA Tab">f3a6f5960f7033007e1763cda8767e6e</page>
<summary>Applicants Overview Bar</summary>
<sys_created_by>admin</sys_created_by>
<sys_created_on>2019-04-16 06:21:42</sys_created_on>
<sys_id>60db39960f7033007e1763cda8767ed3</sys_id>
<sys_mod_count>1</sys_mod_count>
<sys_updated_by>admin</sys_updated_by>
<sys_updated_on>2019-04-16 06:21:42</sys_updated_on>
</sys_portal>
</record_update>
