<?xml version="1.0" encoding="UTF-8"?><record_update table="sys_db_object">
    <sys_db_object action="INSERT_OR_UPDATE">
        <access>public</access>
        <actions_access>false</actions_access>
        <alter_access>false</alter_access>
        <client_scripts_access>true</client_scripts_access>
        <configuration_access>false</configuration_access>
        <create_access>false</create_access>
        <create_access_controls>true</create_access_controls>
        <delete_access>false</delete_access>
        <extension_model/>
        <is_extendable>false</is_extendable>
        <label>Interview</label>
        <live_feed_enabled>false</live_feed_enabled>
        <name>sn_hiring_feedback_interview</name>
        <number_ref display_value="INT">36bfdbf637475300a128036973990e64</number_ref>
        <provider_class/>
        <read_access>true</read_access>
        <super_class/>
        <sys_class_code/>
        <sys_class_name>sys_db_object</sys_class_name>
        <sys_class_path/>
        <sys_created_by>admin</sys_created_by>
        <sys_created_on>2018-06-28 10:15:14</sys_created_on>
        <sys_id>6970039837831300a128036973990ece</sys_id>
        <sys_mod_count>4</sys_mod_count>
        <sys_name>Interview</sys_name>
        <sys_package display_value="Hiring Feedback" source="sn_hiring_feedback">817f729837831300a128036973990e47</sys_package>
        <sys_policy/>
        <sys_scope display_value="Hiring Feedback">817f729837831300a128036973990e47</sys_scope>
        <sys_update_name>sys_db_object_6970039837831300a128036973990ece</sys_update_name>
        <sys_updated_by>admin</sys_updated_by>
        <sys_updated_on>2019-02-18 06:42:29</sys_updated_on>
        <update_access>false</update_access>
        <user_role display_value="sn_hiring_feedback.interview_user" name="sn_hiring_feedback.interview_user">da01039837831300a128036973990edd</user_role>
        <ws_access>true</ws_access>
    </sys_db_object>
</record_update>
