<?xml version="1.0" encoding="UTF-8"?>
<record_update>
  <sys_ui_section caption="" section_id="9b220bfa530033008feeddeeff7b1202" sys_domain="global" table="sn_hiring_feedback_job_applicant_import_error" version="3" view="">
    <sys_ui_element action="INSERT_OR_UPDATE">
      <element>import_set</element>
      <position>0</position>
      <sys_created_by>admin</sys_created_by>
      <sys_created_on>2020-03-02 19:00:03</sys_created_on>
      <sys_id>b2bf61f173db40107e88ef66fbf6a71b</sys_id>
      <sys_mod_count>0</sys_mod_count>
      <sys_ui_formatter/>
      <sys_ui_section caption="NULL" display_value="" name="sn_hiring_feedback_job_applicant_import_error" sys_domain="global" view="Default view">9b220bfa530033008feeddeeff7b1202</sys_ui_section>
      <sys_updated_by>admin</sys_updated_by>
      <sys_updated_on>2020-03-02 19:00:03</sys_updated_on>
      <sys_user/>
      <type/>
    </sys_ui_element>
    <sys_ui_element action="INSERT_OR_UPDATE">
      <element>data_source</element>
      <position>1</position>
      <sys_created_by>admin</sys_created_by>
      <sys_created_on>2020-03-02 19:00:03</sys_created_on>
      <sys_id>7abf61f173db40107e88ef66fbf6a71b</sys_id>
      <sys_mod_count>0</sys_mod_count>
      <sys_ui_formatter/>
      <sys_ui_section caption="NULL" display_value="" name="sn_hiring_feedback_job_applicant_import_error" sys_domain="global" view="Default view">9b220bfa530033008feeddeeff7b1202</sys_ui_section>
      <sys_updated_by>admin</sys_updated_by>
      <sys_updated_on>2020-03-02 19:00:03</sys_updated_on>
      <sys_user/>
      <type/>
    </sys_ui_element>
    <sys_ui_element action="INSERT_OR_UPDATE">
      <element>reason</element>
      <position>2</position>
      <sys_created_by>admin</sys_created_by>
      <sys_created_on>2020-03-02 19:00:03</sys_created_on>
      <sys_id>fabf61f173db40107e88ef66fbf6a71b</sys_id>
      <sys_mod_count>0</sys_mod_count>
      <sys_ui_formatter/>
      <sys_ui_section caption="NULL" display_value="" name="sn_hiring_feedback_job_applicant_import_error" sys_domain="global" view="Default view">9b220bfa530033008feeddeeff7b1202</sys_ui_section>
      <sys_updated_by>admin</sys_updated_by>
      <sys_updated_on>2020-03-02 19:00:03</sys_updated_on>
      <sys_user/>
      <type/>
    </sys_ui_element>
    <sys_ui_element action="INSERT_OR_UPDATE">
      <element>.split</element>
      <position>3</position>
      <sys_created_by>admin</sys_created_by>
      <sys_created_on>2020-03-02 19:00:03</sys_created_on>
      <sys_id>7ebf61f173db40107e88ef66fbf6a71b</sys_id>
      <sys_mod_count>0</sys_mod_count>
      <sys_ui_formatter/>
      <sys_ui_section caption="NULL" display_value="" name="sn_hiring_feedback_job_applicant_import_error" sys_domain="global" view="Default view">9b220bfa530033008feeddeeff7b1202</sys_ui_section>
      <sys_updated_by>admin</sys_updated_by>
      <sys_updated_on>2020-03-02 19:00:03</sys_updated_on>
      <sys_user/>
      <type>.split</type>
    </sys_ui_element>
    <sys_ui_element action="INSERT_OR_UPDATE">
      <element>error_status</element>
      <position>4</position>
      <sys_created_by>admin</sys_created_by>
      <sys_created_on>2020-03-02 19:00:03</sys_created_on>
      <sys_id>febf61f173db40107e88ef66fbf6a71b</sys_id>
      <sys_mod_count>0</sys_mod_count>
      <sys_ui_formatter/>
      <sys_ui_section caption="NULL" display_value="" name="sn_hiring_feedback_job_applicant_import_error" sys_domain="global" view="Default view">9b220bfa530033008feeddeeff7b1202</sys_ui_section>
      <sys_updated_by>admin</sys_updated_by>
      <sys_updated_on>2020-03-02 19:00:03</sys_updated_on>
      <sys_user/>
      <type/>
    </sys_ui_element>
    <sys_ui_element action="INSERT_OR_UPDATE">
      <element>reason_list</element>
      <position>5</position>
      <sys_created_by>admin</sys_created_by>
      <sys_created_on>2020-03-02 19:00:03</sys_created_on>
      <sys_id>72bf61f173db40107e88ef66fbf6a71c</sys_id>
      <sys_mod_count>0</sys_mod_count>
      <sys_ui_formatter/>
      <sys_ui_section caption="NULL" display_value="" name="sn_hiring_feedback_job_applicant_import_error" sys_domain="global" view="Default view">9b220bfa530033008feeddeeff7b1202</sys_ui_section>
      <sys_updated_by>admin</sys_updated_by>
      <sys_updated_on>2020-03-02 19:00:03</sys_updated_on>
      <sys_user/>
      <type/>
    </sys_ui_element>
    <sys_ui_element action="INSERT_OR_UPDATE">
      <element>.end_split</element>
      <position>6</position>
      <sys_created_by>admin</sys_created_by>
      <sys_created_on>2020-03-02 19:00:03</sys_created_on>
      <sys_id>f2bf61f173db40107e88ef66fbf6a71c</sys_id>
      <sys_mod_count>0</sys_mod_count>
      <sys_ui_formatter/>
      <sys_ui_section caption="NULL" display_value="" name="sn_hiring_feedback_job_applicant_import_error" sys_domain="global" view="Default view">9b220bfa530033008feeddeeff7b1202</sys_ui_section>
      <sys_updated_by>admin</sys_updated_by>
      <sys_updated_on>2020-03-02 19:00:03</sys_updated_on>
      <sys_user/>
      <type>.end_split</type>
    </sys_ui_element>
    <sys_ui_element action="INSERT_OR_UPDATE">
      <element>.begin_split</element>
      <position>7</position>
      <sys_created_by>admin</sys_created_by>
      <sys_created_on>2020-03-02 19:00:03</sys_created_on>
      <sys_id>76bf61f173db40107e88ef66fbf6a71c</sys_id>
      <sys_mod_count>0</sys_mod_count>
      <sys_ui_formatter/>
      <sys_ui_section caption="NULL" display_value="" name="sn_hiring_feedback_job_applicant_import_error" sys_domain="global" view="Default view">9b220bfa530033008feeddeeff7b1202</sys_ui_section>
      <sys_updated_by>admin</sys_updated_by>
      <sys_updated_on>2020-03-02 19:00:03</sys_updated_on>
      <sys_user/>
      <type>.begin_split</type>
    </sys_ui_element>
    <sys_ui_element action="INSERT_OR_UPDATE">
      <element>job</element>
      <position>8</position>
      <sys_created_by>admin</sys_created_by>
      <sys_created_on>2020-03-02 19:00:03</sys_created_on>
      <sys_id>f6bf61f173db40107e88ef66fbf6a71c</sys_id>
      <sys_mod_count>0</sys_mod_count>
      <sys_ui_formatter/>
      <sys_ui_section caption="NULL" display_value="" name="sn_hiring_feedback_job_applicant_import_error" sys_domain="global" view="Default view">9b220bfa530033008feeddeeff7b1202</sys_ui_section>
      <sys_updated_by>admin</sys_updated_by>
      <sys_updated_on>2020-03-02 19:00:03</sys_updated_on>
      <sys_user/>
      <type/>
    </sys_ui_element>
    <sys_ui_element action="INSERT_OR_UPDATE">
      <element>email</element>
      <position>9</position>
      <sys_created_by>admin</sys_created_by>
      <sys_created_on>2020-03-02 19:00:03</sys_created_on>
      <sys_id>7abf61f173db40107e88ef66fbf6a71c</sys_id>
      <sys_mod_count>0</sys_mod_count>
      <sys_ui_formatter/>
      <sys_ui_section caption="NULL" display_value="" name="sn_hiring_feedback_job_applicant_import_error" sys_domain="global" view="Default view">9b220bfa530033008feeddeeff7b1202</sys_ui_section>
      <sys_updated_by>admin</sys_updated_by>
      <sys_updated_on>2020-03-02 19:00:03</sys_updated_on>
      <sys_user/>
      <type/>
    </sys_ui_element>
    <sys_ui_element action="INSERT_OR_UPDATE">
      <element>experience</element>
      <position>10</position>
      <sys_created_by>admin</sys_created_by>
      <sys_created_on>2020-03-02 19:00:03</sys_created_on>
      <sys_id>fabf61f173db40107e88ef66fbf6a71c</sys_id>
      <sys_mod_count>0</sys_mod_count>
      <sys_ui_formatter/>
      <sys_ui_section caption="NULL" display_value="" name="sn_hiring_feedback_job_applicant_import_error" sys_domain="global" view="Default view">9b220bfa530033008feeddeeff7b1202</sys_ui_section>
      <sys_updated_by>admin</sys_updated_by>
      <sys_updated_on>2020-03-02 19:00:03</sys_updated_on>
      <sys_user/>
      <type/>
    </sys_ui_element>
    <sys_ui_element action="INSERT_OR_UPDATE">
      <element>event</element>
      <position>11</position>
      <sys_created_by>admin</sys_created_by>
      <sys_created_on>2020-03-02 19:00:03</sys_created_on>
      <sys_id>7ebf61f173db40107e88ef66fbf6a71c</sys_id>
      <sys_mod_count>0</sys_mod_count>
      <sys_ui_formatter/>
      <sys_ui_section caption="NULL" display_value="" name="sn_hiring_feedback_job_applicant_import_error" sys_domain="global" view="Default view">9b220bfa530033008feeddeeff7b1202</sys_ui_section>
      <sys_updated_by>admin</sys_updated_by>
      <sys_updated_on>2020-03-02 19:00:03</sys_updated_on>
      <sys_user/>
      <type/>
    </sys_ui_element>
    <sys_ui_element action="INSERT_OR_UPDATE">
      <element>.split</element>
      <position>12</position>
      <sys_created_by>admin</sys_created_by>
      <sys_created_on>2020-03-02 19:00:03</sys_created_on>
      <sys_id>febf61f173db40107e88ef66fbf6a71c</sys_id>
      <sys_mod_count>0</sys_mod_count>
      <sys_ui_formatter/>
      <sys_ui_section caption="NULL" display_value="" name="sn_hiring_feedback_job_applicant_import_error" sys_domain="global" view="Default view">9b220bfa530033008feeddeeff7b1202</sys_ui_section>
      <sys_updated_by>admin</sys_updated_by>
      <sys_updated_on>2020-03-02 19:00:03</sys_updated_on>
      <sys_user/>
      <type>.split</type>
    </sys_ui_element>
    <sys_ui_element action="INSERT_OR_UPDATE">
      <element>candidate_name</element>
      <position>13</position>
      <sys_created_by>admin</sys_created_by>
      <sys_created_on>2020-03-02 19:00:03</sys_created_on>
      <sys_id>febf61f173db40107e88ef66fbf6a735</sys_id>
      <sys_mod_count>0</sys_mod_count>
      <sys_ui_formatter/>
      <sys_ui_section caption="NULL" display_value="" name="sn_hiring_feedback_job_applicant_import_error" sys_domain="global" view="Default view">9b220bfa530033008feeddeeff7b1202</sys_ui_section>
      <sys_updated_by>admin</sys_updated_by>
      <sys_updated_on>2020-03-02 19:00:03</sys_updated_on>
      <sys_user/>
      <type/>
    </sys_ui_element>
    <sys_ui_element action="INSERT_OR_UPDATE">
      <element>mobile</element>
      <position>14</position>
      <sys_created_by>admin</sys_created_by>
      <sys_created_on>2020-03-02 19:00:03</sys_created_on>
      <sys_id>72bf61f173db40107e88ef66fbf6a736</sys_id>
      <sys_mod_count>0</sys_mod_count>
      <sys_ui_formatter/>
      <sys_ui_section caption="NULL" display_value="" name="sn_hiring_feedback_job_applicant_import_error" sys_domain="global" view="Default view">9b220bfa530033008feeddeeff7b1202</sys_ui_section>
      <sys_updated_by>admin</sys_updated_by>
      <sys_updated_on>2020-03-02 19:00:03</sys_updated_on>
      <sys_user/>
      <type/>
    </sys_ui_element>
    <sys_ui_element action="INSERT_OR_UPDATE">
      <element>company</element>
      <position>15</position>
      <sys_created_by>admin</sys_created_by>
      <sys_created_on>2020-03-02 19:00:03</sys_created_on>
      <sys_id>f2bf61f173db40107e88ef66fbf6a736</sys_id>
      <sys_mod_count>0</sys_mod_count>
      <sys_ui_formatter/>
      <sys_ui_section caption="NULL" display_value="" name="sn_hiring_feedback_job_applicant_import_error" sys_domain="global" view="Default view">9b220bfa530033008feeddeeff7b1202</sys_ui_section>
      <sys_updated_by>admin</sys_updated_by>
      <sys_updated_on>2020-03-02 19:00:03</sys_updated_on>
      <sys_user/>
      <type/>
    </sys_ui_element>
    <sys_ui_element action="INSERT_OR_UPDATE">
      <element>event_name</element>
      <position>16</position>
      <sys_created_by>admin</sys_created_by>
      <sys_created_on>2020-03-02 19:00:03</sys_created_on>
      <sys_id>76bf61f173db40107e88ef66fbf6a736</sys_id>
      <sys_mod_count>0</sys_mod_count>
      <sys_ui_formatter/>
      <sys_ui_section caption="NULL" display_value="" name="sn_hiring_feedback_job_applicant_import_error" sys_domain="global" view="Default view">9b220bfa530033008feeddeeff7b1202</sys_ui_section>
      <sys_updated_by>admin</sys_updated_by>
      <sys_updated_on>2020-03-02 19:00:03</sys_updated_on>
      <sys_user/>
      <type/>
    </sys_ui_element>
    <sys_ui_element action="INSERT_OR_UPDATE">
      <element>.end_split</element>
      <position>17</position>
      <sys_created_by>admin</sys_created_by>
      <sys_created_on>2020-03-02 19:00:03</sys_created_on>
      <sys_id>f6bf61f173db40107e88ef66fbf6a736</sys_id>
      <sys_mod_count>0</sys_mod_count>
      <sys_ui_formatter/>
      <sys_ui_section caption="NULL" display_value="" name="sn_hiring_feedback_job_applicant_import_error" sys_domain="global" view="Default view">9b220bfa530033008feeddeeff7b1202</sys_ui_section>
      <sys_updated_by>admin</sys_updated_by>
      <sys_updated_on>2020-03-02 19:00:03</sys_updated_on>
      <sys_user/>
      <type>.end_split</type>
    </sys_ui_element>
    <sys_ui_element action="INSERT_OR_UPDATE">
      <element>.begin_split</element>
      <position>18</position>
      <sys_created_by>admin</sys_created_by>
      <sys_created_on>2020-03-02 19:00:03</sys_created_on>
      <sys_id>7abf61f173db40107e88ef66fbf6a736</sys_id>
      <sys_mod_count>0</sys_mod_count>
      <sys_ui_formatter/>
      <sys_ui_section caption="NULL" display_value="" name="sn_hiring_feedback_job_applicant_import_error" sys_domain="global" view="Default view">9b220bfa530033008feeddeeff7b1202</sys_ui_section>
      <sys_updated_by>admin</sys_updated_by>
      <sys_updated_on>2020-03-02 19:00:03</sys_updated_on>
      <sys_user/>
      <type>.begin_split</type>
    </sys_ui_element>
    <sys_ui_element action="INSERT_OR_UPDATE">
      <element>manager</element>
      <position>19</position>
      <sys_created_by>admin</sys_created_by>
      <sys_created_on>2020-03-02 19:00:03</sys_created_on>
      <sys_id>fabf61f173db40107e88ef66fbf6a736</sys_id>
      <sys_mod_count>0</sys_mod_count>
      <sys_ui_formatter/>
      <sys_ui_section caption="NULL" display_value="" name="sn_hiring_feedback_job_applicant_import_error" sys_domain="global" view="Default view">9b220bfa530033008feeddeeff7b1202</sys_ui_section>
      <sys_updated_by>admin</sys_updated_by>
      <sys_updated_on>2020-03-02 19:00:03</sys_updated_on>
      <sys_user/>
      <type/>
    </sys_ui_element>
    <sys_ui_element action="INSERT_OR_UPDATE">
      <element>team</element>
      <position>20</position>
      <sys_created_by>admin</sys_created_by>
      <sys_created_on>2020-03-02 19:00:03</sys_created_on>
      <sys_id>7ebf61f173db40107e88ef66fbf6a736</sys_id>
      <sys_mod_count>0</sys_mod_count>
      <sys_ui_formatter/>
      <sys_ui_section caption="NULL" display_value="" name="sn_hiring_feedback_job_applicant_import_error" sys_domain="global" view="Default view">9b220bfa530033008feeddeeff7b1202</sys_ui_section>
      <sys_updated_by>admin</sys_updated_by>
      <sys_updated_on>2020-03-02 19:00:03</sys_updated_on>
      <sys_user/>
      <type/>
    </sys_ui_element>
    <sys_ui_element action="INSERT_OR_UPDATE">
      <element>.split</element>
      <position>21</position>
      <sys_created_by>admin</sys_created_by>
      <sys_created_on>2020-03-02 19:00:03</sys_created_on>
      <sys_id>febf61f173db40107e88ef66fbf6a736</sys_id>
      <sys_mod_count>0</sys_mod_count>
      <sys_ui_formatter/>
      <sys_ui_section caption="NULL" display_value="" name="sn_hiring_feedback_job_applicant_import_error" sys_domain="global" view="Default view">9b220bfa530033008feeddeeff7b1202</sys_ui_section>
      <sys_updated_by>admin</sys_updated_by>
      <sys_updated_on>2020-03-02 19:00:03</sys_updated_on>
      <sys_user/>
      <type>.split</type>
    </sys_ui_element>
    <sys_ui_element action="INSERT_OR_UPDATE">
      <element>recruiter</element>
      <position>22</position>
      <sys_created_by>admin</sys_created_by>
      <sys_created_on>2020-03-02 19:00:03</sys_created_on>
      <sys_id>72bf61f173db40107e88ef66fbf6a737</sys_id>
      <sys_mod_count>0</sys_mod_count>
      <sys_ui_formatter/>
      <sys_ui_section caption="NULL" display_value="" name="sn_hiring_feedback_job_applicant_import_error" sys_domain="global" view="Default view">9b220bfa530033008feeddeeff7b1202</sys_ui_section>
      <sys_updated_by>admin</sys_updated_by>
      <sys_updated_on>2020-03-02 19:00:03</sys_updated_on>
      <sys_user/>
      <type/>
    </sys_ui_element>
    <sys_ui_element action="INSERT_OR_UPDATE">
      <element>job_role</element>
      <position>23</position>
      <sys_created_by>admin</sys_created_by>
      <sys_created_on>2020-03-02 19:00:03</sys_created_on>
      <sys_id>f2bf61f173db40107e88ef66fbf6a737</sys_id>
      <sys_mod_count>0</sys_mod_count>
      <sys_ui_formatter/>
      <sys_ui_section caption="NULL" display_value="" name="sn_hiring_feedback_job_applicant_import_error" sys_domain="global" view="Default view">9b220bfa530033008feeddeeff7b1202</sys_ui_section>
      <sys_updated_by>admin</sys_updated_by>
      <sys_updated_on>2020-03-02 19:00:03</sys_updated_on>
      <sys_user/>
      <type/>
    </sys_ui_element>
    <sys_ui_section action="INSERT_OR_UPDATE">
      <caption/>
      <header>false</header>
      <name>sn_hiring_feedback_job_applicant_import_error</name>
      <roles/>
      <sys_class_name>sys_ui_section</sys_class_name>
      <sys_created_by>admin</sys_created_by>
      <sys_created_on>2019-03-11 17:58:59</sys_created_on>
      <sys_domain>global</sys_domain>
      <sys_domain_path>/</sys_domain_path>
      <sys_id>9b220bfa530033008feeddeeff7b1202</sys_id>
      <sys_mod_count>0</sys_mod_count>
      <sys_name>sn_hiring_feedback_job_applicant_import_error</sys_name>
      <sys_overrides/>
      <sys_package display_value="Hiring Feedback" source="sn_hiring_feedback">817f729837831300a128036973990e47</sys_package>
      <sys_policy/>
      <sys_scope display_value="Hiring Feedback">817f729837831300a128036973990e47</sys_scope>
      <sys_update_name>sys_ui_section_9b220bfa530033008feeddeeff7b1202</sys_update_name>
      <sys_updated_by>admin</sys_updated_by>
      <sys_updated_on>2019-03-11 17:58:59</sys_updated_on>
      <sys_user/>
      <title>true</title>
      <view display_value="Default view" name="NULL">Default view</view>
      <view_name/>
    </sys_ui_section>
  </sys_ui_section>
</record_update>
