<?xml version="1.0" encoding="UTF-8"?><record_update>
  <sys_ui_list parent="sn_hiring_feedback_job" relationship="" sys_domain="global" table="sn_hiring_feedback_interview" version="2" view="">
    <sys_ui_list_element action="INSERT_OR_UPDATE">
      <average_value>false</average_value>
      <element>round</element>
      <list_id display_value="sn_hiring_feedback_interview" element="NULL" name="sn_hiring_feedback_interview" parent="sn_hiring_feedback_job" relationship="NULL" sys_domain="global" view="Default view">9041042f0f0833007e1763cda8767ee5</list_id>
      <max_value>false</max_value>
      <min_value>false</min_value>
      <position>0</position>
      <sum>false</sum>
      <sys_created_by>admin</sys_created_by>
      <sys_created_on>2019-03-13 11:51:31</sys_created_on>
      <sys_id>5841042f0f0833007e1763cda8767ee5</sys_id>
      <sys_mod_count>0</sys_mod_count>
      <sys_updated_by>admin</sys_updated_by>
      <sys_updated_on>2019-03-13 11:51:31</sys_updated_on>
    </sys_ui_list_element>
    <sys_ui_list_element action="INSERT_OR_UPDATE">
      <average_value>false</average_value>
      <element>interviewer_email</element>
      <list_id display_value="sn_hiring_feedback_interview" element="NULL" name="sn_hiring_feedback_interview" parent="sn_hiring_feedback_job" relationship="NULL" sys_domain="global" view="Default view">9041042f0f0833007e1763cda8767ee5</list_id>
      <max_value>false</max_value>
      <min_value>false</min_value>
      <position>1</position>
      <sum>false</sum>
      <sys_created_by>admin</sys_created_by>
      <sys_created_on>2019-03-13 11:51:31</sys_created_on>
      <sys_id>d841042f0f0833007e1763cda8767ee5</sys_id>
      <sys_mod_count>0</sys_mod_count>
      <sys_updated_by>admin</sys_updated_by>
      <sys_updated_on>2019-03-13 11:51:31</sys_updated_on>
    </sys_ui_list_element>
    <sys_ui_list_element action="INSERT_OR_UPDATE">
      <average_value>false</average_value>
      <element>status</element>
      <list_id display_value="sn_hiring_feedback_interview" element="NULL" name="sn_hiring_feedback_interview" parent="sn_hiring_feedback_job" relationship="NULL" sys_domain="global" view="Default view">9041042f0f0833007e1763cda8767ee5</list_id>
      <max_value>false</max_value>
      <min_value>false</min_value>
      <position>2</position>
      <sum>false</sum>
      <sys_created_by>admin</sys_created_by>
      <sys_created_on>2019-03-13 11:51:31</sys_created_on>
      <sys_id>5c41042f0f0833007e1763cda8767ee5</sys_id>
      <sys_mod_count>0</sys_mod_count>
      <sys_updated_by>admin</sys_updated_by>
      <sys_updated_on>2019-03-13 11:51:31</sys_updated_on>
    </sys_ui_list_element>
    <sys_ui_list_element action="INSERT_OR_UPDATE">
      <average_value>false</average_value>
      <element>overall_comments</element>
      <list_id display_value="sn_hiring_feedback_interview" element="NULL" name="sn_hiring_feedback_interview" parent="sn_hiring_feedback_job" relationship="NULL" sys_domain="global" view="Default view">9041042f0f0833007e1763cda8767ee5</list_id>
      <max_value>false</max_value>
      <min_value>false</min_value>
      <position>3</position>
      <sum>false</sum>
      <sys_created_by>admin</sys_created_by>
      <sys_created_on>2019-03-13 11:51:31</sys_created_on>
      <sys_id>dc41042f0f0833007e1763cda8767ee5</sys_id>
      <sys_mod_count>0</sys_mod_count>
      <sys_updated_by>admin</sys_updated_by>
      <sys_updated_on>2019-03-13 11:51:31</sys_updated_on>
    </sys_ui_list_element>
    <sys_ui_list_element action="INSERT_OR_UPDATE">
      <average_value>false</average_value>
      <element>next_interviewer_notes</element>
      <list_id display_value="sn_hiring_feedback_interview" element="NULL" name="sn_hiring_feedback_interview" parent="sn_hiring_feedback_job" relationship="NULL" sys_domain="global" view="Default view">9041042f0f0833007e1763cda8767ee5</list_id>
      <max_value>false</max_value>
      <min_value>false</min_value>
      <position>4</position>
      <sum>false</sum>
      <sys_created_by>admin</sys_created_by>
      <sys_created_on>2019-03-13 11:51:31</sys_created_on>
      <sys_id>5041042f0f0833007e1763cda8767ee6</sys_id>
      <sys_mod_count>0</sys_mod_count>
      <sys_updated_by>admin</sys_updated_by>
      <sys_updated_on>2019-03-13 11:51:31</sys_updated_on>
    </sys_ui_list_element>
    <sys_ui_list action="INSERT_OR_UPDATE">
      <average_value>false</average_value>
      <element/>
      <max_value>false</max_value>
      <min_value>false</min_value>
      <name>sn_hiring_feedback_interview</name>
      <parent>sn_hiring_feedback_job</parent>
      <position/>
      <relationship/>
      <sum>false</sum>
      <sys_class_name>sys_ui_list</sys_class_name>
      <sys_created_by>admin</sys_created_by>
      <sys_created_on>2019-03-13 11:51:31</sys_created_on>
      <sys_domain>global</sys_domain>
      <sys_domain_path>/</sys_domain_path>
      <sys_id>9041042f0f0833007e1763cda8767ee5</sys_id>
      <sys_mod_count>0</sys_mod_count>
      <sys_name>sn_hiring_feedback_interview</sys_name>
      <sys_package display_value="Hiring Feedback" source="sn_hiring_feedback">817f729837831300a128036973990e47</sys_package>
      <sys_policy/>
      <sys_scope display_value="Hiring Feedback">817f729837831300a128036973990e47</sys_scope>
      <sys_update_name>sys_ui_list_sn_hiring_feedback_interview_sn_hiring_feedback_job_null</sys_update_name>
      <sys_updated_by>admin</sys_updated_by>
      <sys_updated_on>2019-03-13 11:51:31</sys_updated_on>
      <sys_user/>
      <view display_value="Default view" name="NULL">Default view</view>
      <view_name/>
    </sys_ui_list>
  </sys_ui_list>
</record_update>
