<?xml version="1.0" encoding="UTF-8"?><record_update>
  <sys_ui_section caption="Job Details" section_id="df54c68353a323008feeddeeff7b12d0" sys_domain="global" table="sn_hiring_feedback_job" version="3" view="Mobile">
    <sys_ui_element action="INSERT_OR_UPDATE">
      <element>job_req_id</element>
      <position>0</position>
      <sys_created_by>admin</sys_created_by>
      <sys_created_on>2019-04-09 05:24:10</sys_created_on>
      <sys_id>518b69080f3033007e1763cda8767ef6</sys_id>
      <sys_mod_count>0</sys_mod_count>
      <sys_ui_formatter/>
      <sys_ui_section caption="Job Details" display_value="Job Details" name="sn_hiring_feedback_job" sys_domain="global" view="ef8f50405c3033005bd4cde737feb589">df54c68353a323008feeddeeff7b12d0</sys_ui_section>
      <sys_updated_by>admin</sys_updated_by>
      <sys_updated_on>2019-04-09 05:24:10</sys_updated_on>
      <sys_user/>
      <type/>
    </sys_ui_element>
    <sys_ui_element action="INSERT_OR_UPDATE">
      <element>event</element>
      <position>1</position>
      <sys_created_by>admin</sys_created_by>
      <sys_created_on>2019-04-09 05:24:10</sys_created_on>
      <sys_id>d18b69080f3033007e1763cda8767ef6</sys_id>
      <sys_mod_count>0</sys_mod_count>
      <sys_ui_formatter/>
      <sys_ui_section caption="Job Details" display_value="Job Details" name="sn_hiring_feedback_job" sys_domain="global" view="ef8f50405c3033005bd4cde737feb589">df54c68353a323008feeddeeff7b12d0</sys_ui_section>
      <sys_updated_by>admin</sys_updated_by>
      <sys_updated_on>2019-04-09 05:24:10</sys_updated_on>
      <sys_user/>
      <type/>
    </sys_ui_element>
    <sys_ui_element action="INSERT_OR_UPDATE">
      <element>hiring_team</element>
      <position>2</position>
      <sys_created_by>admin</sys_created_by>
      <sys_created_on>2019-04-09 05:24:10</sys_created_on>
      <sys_id>558b69080f3033007e1763cda8767ef6</sys_id>
      <sys_mod_count>0</sys_mod_count>
      <sys_ui_formatter/>
      <sys_ui_section caption="Job Details" display_value="Job Details" name="sn_hiring_feedback_job" sys_domain="global" view="ef8f50405c3033005bd4cde737feb589">df54c68353a323008feeddeeff7b12d0</sys_ui_section>
      <sys_updated_by>admin</sys_updated_by>
      <sys_updated_on>2019-04-09 05:24:10</sys_updated_on>
      <sys_user/>
      <type/>
    </sys_ui_element>
    <sys_ui_element action="INSERT_OR_UPDATE">
      <element>hiring_manager</element>
      <position>3</position>
      <sys_created_by>admin</sys_created_by>
      <sys_created_on>2019-04-09 05:24:10</sys_created_on>
      <sys_id>d58b69080f3033007e1763cda8767ef6</sys_id>
      <sys_mod_count>0</sys_mod_count>
      <sys_ui_formatter/>
      <sys_ui_section caption="Job Details" display_value="Job Details" name="sn_hiring_feedback_job" sys_domain="global" view="ef8f50405c3033005bd4cde737feb589">df54c68353a323008feeddeeff7b12d0</sys_ui_section>
      <sys_updated_by>admin</sys_updated_by>
      <sys_updated_on>2019-04-09 05:24:10</sys_updated_on>
      <sys_user/>
      <type/>
    </sys_ui_element>
    <sys_ui_element action="INSERT_OR_UPDATE">
      <element>recruiter</element>
      <position>4</position>
      <sys_created_by>admin</sys_created_by>
      <sys_created_on>2019-04-09 05:24:10</sys_created_on>
      <sys_id>598b69080f3033007e1763cda8767ef6</sys_id>
      <sys_mod_count>0</sys_mod_count>
      <sys_ui_formatter/>
      <sys_ui_section caption="Job Details" display_value="Job Details" name="sn_hiring_feedback_job" sys_domain="global" view="ef8f50405c3033005bd4cde737feb589">df54c68353a323008feeddeeff7b12d0</sys_ui_section>
      <sys_updated_by>admin</sys_updated_by>
      <sys_updated_on>2019-04-09 05:24:10</sys_updated_on>
      <sys_user/>
      <type/>
    </sys_ui_element>
    <sys_ui_element action="INSERT_OR_UPDATE">
      <element>status</element>
      <position>5</position>
      <sys_created_by>admin</sys_created_by>
      <sys_created_on>2019-04-09 05:24:10</sys_created_on>
      <sys_id>d98b69080f3033007e1763cda8767ef6</sys_id>
      <sys_mod_count>0</sys_mod_count>
      <sys_ui_formatter/>
      <sys_ui_section caption="Job Details" display_value="Job Details" name="sn_hiring_feedback_job" sys_domain="global" view="ef8f50405c3033005bd4cde737feb589">df54c68353a323008feeddeeff7b12d0</sys_ui_section>
      <sys_updated_by>admin</sys_updated_by>
      <sys_updated_on>2019-04-09 05:24:10</sys_updated_on>
      <sys_user/>
      <type/>
    </sys_ui_element>
    <sys_ui_element action="INSERT_OR_UPDATE">
      <element>latest_round</element>
      <position>6</position>
      <sys_created_by>admin</sys_created_by>
      <sys_created_on>2019-04-09 05:24:10</sys_created_on>
      <sys_id>5d8b69080f3033007e1763cda8767ef6</sys_id>
      <sys_mod_count>0</sys_mod_count>
      <sys_ui_formatter/>
      <sys_ui_section caption="Job Details" display_value="Job Details" name="sn_hiring_feedback_job" sys_domain="global" view="ef8f50405c3033005bd4cde737feb589">df54c68353a323008feeddeeff7b12d0</sys_ui_section>
      <sys_updated_by>admin</sys_updated_by>
      <sys_updated_on>2019-04-09 05:24:10</sys_updated_on>
      <sys_user/>
      <type/>
    </sys_ui_element>
    <sys_ui_element action="INSERT_OR_UPDATE">
      <element>latest_status</element>
      <position>7</position>
      <sys_created_by>admin</sys_created_by>
      <sys_created_on>2019-04-09 05:24:10</sys_created_on>
      <sys_id>dd8b69080f3033007e1763cda8767ef6</sys_id>
      <sys_mod_count>0</sys_mod_count>
      <sys_ui_formatter/>
      <sys_ui_section caption="Job Details" display_value="Job Details" name="sn_hiring_feedback_job" sys_domain="global" view="ef8f50405c3033005bd4cde737feb589">df54c68353a323008feeddeeff7b12d0</sys_ui_section>
      <sys_updated_by>admin</sys_updated_by>
      <sys_updated_on>2019-04-09 05:24:10</sys_updated_on>
      <sys_user/>
      <type/>
    </sys_ui_element>
    <sys_ui_section action="INSERT_OR_UPDATE">
      <caption>Job Details</caption>
      <header>false</header>
      <name>sn_hiring_feedback_job</name>
      <roles/>
      <sys_class_name>sys_ui_section</sys_class_name>
      <sys_created_by>admin</sys_created_by>
      <sys_created_on>2019-02-15 11:35:59</sys_created_on>
      <sys_domain>global</sys_domain>
      <sys_domain_path>/</sys_domain_path>
      <sys_id>df54c68353a323008feeddeeff7b12d0</sys_id>
      <sys_mod_count>0</sys_mod_count>
      <sys_name>Job Details</sys_name>
      <sys_overrides/>
      <sys_package display_value="Hiring Feedback" source="sn_hiring_feedback">817f729837831300a128036973990e47</sys_package>
      <sys_policy/>
      <sys_scope display_value="Hiring Feedback">817f729837831300a128036973990e47</sys_scope>
      <sys_update_name>sys_ui_section_df54c68353a323008feeddeeff7b12d0</sys_update_name>
      <sys_updated_by>admin</sys_updated_by>
      <sys_updated_on>2019-02-15 11:35:59</sys_updated_on>
      <sys_user/>
      <title>false</title>
      <view display_value="Mobile" name="Mobile">ef8f50405c3033005bd4cde737feb589</view>
      <view_name/>
    </sys_ui_section>
  </sys_ui_section>
</record_update>
