<?xml version="1.0" encoding="UTF-8"?>
<record_update table="sys_script_fix">
  <sys_script_fix action="INSERT_OR_UPDATE">
    <active>false</active>
    <before>false</before>
    <description>Transferring the data from u_columns to newly created column names</description>
    <flush_cache>false</flush_cache>
    <name>ship_data_from_previous_to_new_columns</name>
    <record_for_rollback>false</record_for_rollback>
    <run_once>true</run_once>
    <script><![CDATA[var i, j;
var tableName, columnsDict, previousColumns, newColumnName, data;
var tablesDict = {
    sn_hiring_feedback_event: {
        u_invited_members: 'invited_members',
        u_members: 'members'
    },
    sn_hiring_feedback_interview: {
        u_next_interviewer_notes: 'next_interviewer_notes',
        u_previous_interview: 'previous_interview',
        u_previous_interviewer_notes: 'previous_interviewer_notes'
    },
    sn_hiring_feedback_job: {
        u_company: 'company',
        u_experience: 'experience',
        u_first_name: 'first_name',
        u_last_name: 'last_name',
        u_latest_interview: 'latest_interview',
        u_middle_name: 'middle_name',
        u_mobile: 'mobile'
    },
    sn_hiring_feedback_job_applicant_import_error: {
        u_candidate_name: 'candidate_name',
        u_company: 'company',
        u_data_source: 'data_source',
        u_email: 'email',
        u_error_status: 'error_status',
        u_event: 'event',
        u_event_name: 'event_name',
        u_experience: 'experience',
        u_first_name: 'first_name',
        u_import_set: 'import_set',
        u_job: 'job',
        u_last_name: 'last_name',
        u_manager: 'manager',
        u_middle_name: 'middle_name',
        u_mobile: 'mobile',
        u_reason: 'reason',
        u_reason_list: 'reason_list',
        u_recruiter: 'recruiter',
        u_status: 'status',
        u_team: 'team'
    }
};
for (i = 0; i < Object.keys(tablesDict).length; i++) {
    tableName = Object.keys(tablesDict)[i];
    columnsDict = tablesDict[tableName];
    previousColumns = Object.keys(columnsDict);
    var Gr = new GlideRecord(tableName);
    Gr.setWorkflow(false);
    Gr.query();
    while (Gr.next()) {
        for (j = 0; j < previousColumns.length; j++) {
            newColumnName = columnsDict[previousColumns[j]];
            data = Gr.getValue(previousColumns[j]);
            Gr.setValue(newColumnName, data);
        }
        Gr.update();
    }
}]]></script>
    <sys_class_name>sys_script_fix</sys_class_name>
    <sys_created_by>admin</sys_created_by>
    <sys_created_on>2020-01-03 09:00:07</sys_created_on>
    <sys_id>cbe7632e738a00107e88ef66fbf6a724</sys_id>
    <sys_mod_count>19</sys_mod_count>
    <sys_name>ship_data_from_previous_to_new_columns</sys_name>
    <sys_package display_value="Hiring Feedback" source="sn_hiring_feedback">817f729837831300a128036973990e47</sys_package>
    <sys_policy/>
    <sys_scope display_value="Hiring Feedback">817f729837831300a128036973990e47</sys_scope>
    <sys_update_name>sys_script_fix_cbe7632e738a00107e88ef66fbf6a724</sys_update_name>
    <sys_updated_by>admin</sys_updated_by>
    <sys_updated_on>2020-02-12 14:09:21</sys_updated_on>
    <unloadable>false</unloadable>
  </sys_script_fix>
</record_update>
