<?xml version="1.0" encoding="UTF-8"?><record_update>
  <sys_ui_form_sections form_id="50196d37533010106b86ddeeff7b1282" sys_domain="global" table="sn_hiring_feedback_ux_design" version="3">
    <sys_ui_form_section action="INSERT_OR_UPDATE">
      <position>0</position>
      <sys_created_by>admin</sys_created_by>
      <sys_created_on>2020-05-22 13:12:58</sys_created_on>
      <sys_domain>global</sys_domain>
      <sys_domain_path>/</sys_domain_path>
      <sys_id>d4196d37533010106b86ddeeff7b128a</sys_id>
      <sys_mod_count>0</sys_mod_count>
      <sys_overrides/>
      <sys_ui_form display_value="sn_hiring_feedback_ux_design" name="sn_hiring_feedback_ux_design" sys_domain="global" view="Default view">50196d37533010106b86ddeeff7b1282</sys_ui_form>
      <sys_ui_section caption="NULL" display_value="" name="sn_hiring_feedback_ux_design" sys_domain="global" view="Default view">5c196d37533010106b86ddeeff7b1283</sys_ui_section>
      <sys_updated_by>admin</sys_updated_by>
      <sys_updated_on>2020-05-22 13:12:58</sys_updated_on>
    </sys_ui_form_section>
    <sys_ui_form_section action="INSERT_OR_UPDATE">
      <position>1</position>
      <sys_created_by>admin</sys_created_by>
      <sys_created_on>2020-05-22 14:15:42</sys_created_on>
      <sys_domain>global</sys_domain>
      <sys_domain_path>/</sys_domain_path>
      <sys_id>eb67f1bf533010106b86ddeeff7b124a</sys_id>
      <sys_mod_count>1</sys_mod_count>
      <sys_overrides/>
      <sys_ui_form display_value="sn_hiring_feedback_ux_design" name="sn_hiring_feedback_ux_design" sys_domain="global" view="Default view">50196d37533010106b86ddeeff7b1282</sys_ui_form>
      <sys_ui_section caption="Previous Comments" display_value="Previous Comments" name="sn_hiring_feedback_ux_design" sys_domain="global" view="Default view">eb67b1bf533010106b86ddeeff7b12d5</sys_ui_section>
      <sys_updated_by>admin</sys_updated_by>
      <sys_updated_on>2020-05-22 14:15:53</sys_updated_on>
    </sys_ui_form_section>
    <sys_ui_form action="INSERT_OR_UPDATE">
      <name>sn_hiring_feedback_ux_design</name>
      <roles/>
      <sys_class_name>sys_ui_form</sys_class_name>
      <sys_created_by>admin</sys_created_by>
      <sys_created_on>2020-05-22 13:12:57</sys_created_on>
      <sys_domain>global</sys_domain>
      <sys_domain_path>/</sys_domain_path>
      <sys_id>50196d37533010106b86ddeeff7b1282</sys_id>
      <sys_mod_count>0</sys_mod_count>
      <sys_name>sn_hiring_feedback_ux_design</sys_name>
      <sys_overrides/>
      <sys_package display_value="Hiring Feedback" source="sn_hiring_feedback">817f729837831300a128036973990e47</sys_package>
      <sys_policy/>
      <sys_scope display_value="Hiring Feedback">817f729837831300a128036973990e47</sys_scope>
      <sys_update_name>sys_ui_form_sections_50196d37533010106b86ddeeff7b1282</sys_update_name>
      <sys_updated_by>admin</sys_updated_by>
      <sys_updated_on>2020-05-22 13:12:57</sys_updated_on>
      <sys_user/>
      <view display_value="Default view" name="NULL">Default view</view>
      <view_name/>
    </sys_ui_form>
  </sys_ui_form_sections>
</record_update>
