<?xml version="1.0" encoding="UTF-8"?><record_update sys_domain="global" table="sys_app_module">
  <sys_app_module action="INSERT_OR_UPDATE">
    <active>true</active>
    <application display_value="Hiring Feedback">43409f9037c31300a128036973990e4e</application>
    <assessment/>
    <content_page/>
    <device_type/>
    <filter table="sn_hiring_feedback_interview">interviewer_email=javascript:gs.getUserID()^status!=pending^EQ<item endquery="false" field="interviewer_email" goto="false" newquery="false" operator="=" or="false" value="javascript:gs.getUserID()"/>
      <item endquery="false" field="status" goto="false" newquery="false" operator="!=" or="false" value="pending"/>
      <item endquery="true" field="" goto="false" newquery="false" operator="=" or="false" value=""/>
    </filter>
    <hint/>
    <homepage/>
    <image/>
    <link_type>LIST</link_type>
    <map_page/>
    <mobile_title>Active Interviews</mobile_title>
    <mobile_view_name>Mobile</mobile_view_name>
    <name>sn_hiring_feedback_interview</name>
    <order>75</order>
    <override_menu_roles>false</override_menu_roles>
    <query>&amp;sysparm_order=sys_updated_on &amp;sysparm_order_direction=desc</query>
    <report/>
    <roles>sn_hiring_feedback.interviewer,sn_hiring_feedback.manager,sn_hiring_feedback.recruiter</roles>
    <sys_class_name>sys_app_module</sys_class_name>
    <sys_created_by>admin</sys_created_by>
    <sys_created_on>2019-02-25 05:28:30</sys_created_on>
    <sys_domain>global</sys_domain>
    <sys_domain_path>/</sys_domain_path>
    <sys_id>e3cf8016b73f23008fee6f28ee11a91d</sys_id>
    <sys_mod_count>13</sys_mod_count>
    <sys_name>My Completed Interviews</sys_name>
    <sys_overrides/>
    <sys_package display_value="Hiring Feedback" source="sn_hiring_feedback">817f729837831300a128036973990e47</sys_package>
    <sys_policy/>
    <sys_scope display_value="Hiring Feedback">817f729837831300a128036973990e47</sys_scope>
    <sys_update_name>sys_app_module_e3cf8016b73f23008fee6f28ee11a91d</sys_update_name>
    <sys_updated_by>admin</sys_updated_by>
    <sys_updated_on>2019-04-09 05:58:25</sys_updated_on>
    <timeline_page/>
    <title>My Completed Interviews</title>
    <uncancelable>false</uncancelable>
    <view_name/>
    <window_name/>
  </sys_app_module>
</record_update>
