<?xml version="1.0" encoding="UTF-8"?><record_update table="sys_ui_action_role">
  <sys_ui_action_role action="INSERT_OR_UPDATE">
    <sys_class_name>sys_ui_action_role</sys_class_name>
    <sys_created_by>admin</sys_created_by>
    <sys_created_on>2019-03-18 08:32:06</sys_created_on>
    <sys_id>bd434945b71033008fee6d97ee11a904</sys_id>
    <sys_mod_count>0</sys_mod_count>
    <sys_name>Retry Job Applicant Upload.sn_hiring_feedback.manager</sys_name>
    <sys_package display_value="Hiring Feedback" source="sn_hiring_feedback">817f729837831300a128036973990e47</sys_package>
    <sys_policy/>
    <sys_scope display_value="Hiring Feedback">817f729837831300a128036973990e47</sys_scope>
    <sys_ui_action display_value="Retry Job Applicant Upload">8cb18905b71033008fee6d97ee11a933</sys_ui_action>
    <sys_update_name>sys_ui_action_role_bd434945b71033008fee6d97ee11a904</sys_update_name>
    <sys_updated_by>admin</sys_updated_by>
    <sys_updated_on>2019-03-18 08:32:06</sys_updated_on>
    <sys_user_role display_value="sn_hiring_feedback.manager" name="sn_hiring_feedback.manager">728ac0480fbb23007e1763cda8767edd</sys_user_role>
  </sys_ui_action_role>
</record_update>
