<?xml version="1.0" encoding="UTF-8"?>
<record_update table="sys_portal_preferences">
<sys_portal_preferences action="INSERT_OR_UPDATE">
<name>title</name>
<portal_section display_value="8f8b79960f7033007e1763cda8767e21">8f8b79960f7033007e1763cda8767e21</portal_section>
<sys_created_by>admin</sys_created_by>
<sys_created_on>2019-04-16 06:20:31</sys_created_on>
<sys_id>538b79960f7033007e1763cda8767e23</sys_id>
<sys_mod_count>0</sys_mod_count>
<sys_updated_by>admin</sys_updated_by>
<sys_updated_on>2019-04-16 06:20:31</sys_updated_on>
<value>Event Filter</value>
</sys_portal_preferences>
</record_update>
