<?xml version="1.0" encoding="UTF-8"?>
<record_update table="sys_security_acl">
  <sys_security_acl action="INSERT_OR_UPDATE">
    <active>true</active>
    <admin_overrides>false</admin_overrides>
    <advanced>false</advanced>
    <condition/>
    <description>Allow read for skill9 in sn_hiring_feedback_product_manager, for users with role nobody.</description>
    <name>sn_hiring_feedback_product_manager.skill9</name>
    <operation display_value="read">read</operation>
    <script/>
    <sys_class_name>sys_security_acl</sys_class_name>
    <sys_created_by>admin</sys_created_by>
    <sys_created_on>2020-02-25 09:47:39</sys_created_on>
    <sys_id>0cb7b873734340107e88ef66fbf6a7d9</sys_id>
    <sys_mod_count>1</sys_mod_count>
    <sys_name>sn_hiring_feedback_product_manager.skill9</sys_name>
    <sys_package display_value="Hiring Feedback" source="sn_hiring_feedback">817f729837831300a128036973990e47</sys_package>
    <sys_policy/>
    <sys_scope display_value="Hiring Feedback">817f729837831300a128036973990e47</sys_scope>
    <sys_update_name>sys_security_acl_0cb7b873734340107e88ef66fbf6a7d9</sys_update_name>
    <sys_updated_by>admin</sys_updated_by>
    <sys_updated_on>2020-02-25 09:51:15</sys_updated_on>
    <type display_value="record">record</type>
  </sys_security_acl>
</record_update>
