<?xml version="1.0" encoding="UTF-8"?><record_update table="sys_ui_page">
  <sys_ui_page action="INSERT_OR_UPDATE">
    <category>general</category>
    <client_script><![CDATA[(function(window) {
	
	function triggerCallback(e, callback) {
		if(!callback || typeof callback !== 'function') {
			return;
		}
		var files;
		if(e.dataTransfer) {
			files = e.dataTransfer.files;
		} else if(e.target) {
			files = e.target.files;
		}
		callback.call(null, files);
	}
	
	function makeDroppable(ele, callback) {
		var input = document.createElement('input');
		input.setAttribute('type', 'file');
		input.setAttribute('id', 'import_excel');
		input.setAttribute('multiple', true);
		input.style.display = 'none';
		input.addEventListener('change', function(e) {
			triggerCallback(e, callback);
		});
		
		ele.appendChild(input);
		
		ele.addEventListener('dragover', function(e) {
			e.preventDefault();
			e.stopPropagation();
			ele.classList.add('dragover');
		});

		ele.addEventListener('dragleave', function(e) {
			e.preventDefault();
			e.stopPropagation();
			ele.classList.remove('dragover');
		});

		ele.addEventListener('drop', function(e) {
			e.preventDefault();
			e.stopPropagation();
			ele.classList.remove('dragover');
			triggerCallback(e, callback);
		});
	}
	
	window.makeDroppable = makeDroppable;

})(this);

(function(window) {
	this.fileReader = null;
	makeDroppable(window.document.querySelector('.import-template'), function(file) {
		this.fileReader = file;
		var submitBtn = document.querySelector('#import_excel_btn');
		submitBtn.disabled = false;
		var output = document.querySelector('#template_name');
		output.innerHTML = file[0].name;
	});
})(this);

function browseFile() {
	var name = document.querySelector('#template_name');
	name.innerHTML = "";
	
	var submitBtn = document.querySelector('#import_excel_btn');
	submitBtn.disabled = true;
	
	var file = gel("import_excel");
	file.value = null;
	file.click();
}

function downloadTemplate() {
	var pollDialog = new GwtPollDialog("sn_hiring_feedback_job", "", 24, "template", "import_insert_template", "", "xlsx");
	pollDialog.execute();
	return false;
}

function uploadExcel() {
	var submitBtn = document.querySelector('#import_excel_btn');
	submitBtn.disabled = true;
	
	var fileName = null;
	
	if(this.fileReader != null) fileName = this.fileReader[0].name;
	
	if(fileName == null) {
		showMsg("error", getMessage("Please select a template file to upload."));
		return;
	}
	
	//Hide all errors
	var section = gel("error_section");
	section.style.display = "none";
	
    var dot = fileName.lastIndexOf('.') + 1;
    var suffix = fileName.substring(dot);
    suffix = suffix.toLowerCase();
	
    if (suffix == 'xls' || suffix == 'xlsx') {
		var loading = gel("loading");
		loading.style.display = "block";

		var browse = document.querySelector('#browse_file');
		browse.disabled = true;
		
		var formData = new FormData();
		formData.append("file", this.fileReader[0]);

		var rest = jQuery.ajax({
			method: "POST",
			url: "/api/sn_hiring_feedback/job_applicants_excel/upload",
			data: formData,
			processData: false,
			contentType: "application/json",
			enctype: 'multipart/form-data'
		});
		
		//Success in REST is handled here
		rest.success(function(response) {
			var jsonResp = response.result;
			var impCount = parseInt(jsonResp["import_error_count"]);
			var jobAppCount = parseInt(jsonResp["job_applicants_count"]);
			var import_set = jsonResp["import_set"];
			var applicantsIDs = jsonResp["applicant_list"];

			loading.style.display = "none";
			if (impCount === 0 && jobAppCount === 0) {
				showMsg("error", new GwtMessage().getMessage("There was no data found in the selected file. Ensure the correct file was selected and the desired data is in the first sheet of the document."));
				browse.disabled = false;
			}

			if (impCount > 0) {
				var msg1 = impCount;
				msg1 += new GwtMessage().getMessage(" Job Applicants Import(s) could not be processed for various reasons. Resolve all errors to complete the Job Applicant Import. ");
				msg1 += '<a href="/sn_hiring_feedback_job_applicant_import_error_list.do?sysparm_query=error_status=open^import_set=' + import_set + '">';
				msg1 += new GwtMessage().getMessage("View All");
				msg1 += '</a>';
				showMsg("warn", msg1);
				browse.disabled = false;
			}

			if (jobAppCount > 0) {
				var msg = jobAppCount;
				msg += new GwtMessage().getMessage("Job Applicant(s) were created successfully. ");
				msg += '<a href="/sn_hiring_feedback_job_list.do?sysparm_query=sys_idIN' + applicantsIDs + '">';
				msg += new GwtMessage().getMessage("View All");
				msg += '</a>';
				showMsg("success", msg);
				browse.disabled = false;
			} 
		});
		
		//Error in REST is captured here
		rest.error(function(error) {
			loading.style.display = "none";
			if (error.status === 400) {
				showMsg("error", error.responseJSON.result.msg);
			}
		});
	} else {
        showMsg("error", getMessage("Not a recognized template file format. Only .xlsx files can be uploaded."));
		return;
    }
}

function closeMessage(id) {
	var msg = gel(id);
	msg.style.display = "none";
}

function showMsg(type, msg) {
	var section, message;
	if (type === "error") {
		section = gel("error_section");
		message = gel("error_msg");
	} else if (type === "success"){
		section = gel("success_section");
		message = gel("success_msg");
	} else if (type === "warn"){
		section = gel("warn_section");
		message = gel("warn_msg");
	}
	message.innerHTML = msg;
	section.style.display = "block";
	message.focus();
}
]]></client_script>
    <description>Download template, and upload job applicants from system(browse files).</description>
    <direct>false</direct>
    <endpoint>sn_hiring_feedback_job_applicants_excel.do</endpoint>
    <html><![CDATA[<?xml version="1.0" encoding="utf-8" ?>
<j:jelly trim="false" xmlns:j="jelly:core" xmlns:g="glide" xmlns:j2="null" xmlns:g2="null">
	<g:requires name="styles/heisenberg/heisenberg_all.css" includes="true"/>
	<g:requires name="scripts/lib/jquery_includes.js" includes="true"/>
	<style type="text/css">
		.import-uploader{
			margin-left: 25%;
			margin-right: 25%;
		}
		.upload-step {
			position: relative;
			min-height: 320px;
			box-sizing: border-box;
		}
		.drop-step{
			min-height: 290px;
			margin: 0px 0px 15px 0px;
			border: 2px dashed #AAAAAA;
		}
		.icon-upload {
			color: #485563;
			font-size: 40px;
			line-height: 30px;
		}
		.message {
			position: absolute;
			top: 50%;
			left: 0;
			width: 100%;
			-webkit-transform: translate(0, -50%);
			-ms-transform: translate(0, -50%);
			transform: translate(0, -50%);
			-webkit-transition: opacity 0.15s linear;
			transition: opacity 0.15s linear;
			color: #485563;
			text-align: center;
		}
		.error_msg, .success_msg, .error_msg{
			margin-left: 5px;
		}
		.section{
			margin-top: 15px;
		}
		.section .p{
			padding-bottom: 8px;
			margin-bottom: 0px !important;
		}
		.browse-btn{
			padding: 15px 0px;
		}
		#loading{
			display: none;
			padding-right: 15px;
			float: left;
			margin-top: 5px;
		}
		.submit-btn{
			position: relative;
			float: left;
		}
		#error_section button, #success_section button, #warn_section button{
			border: 0px !important;
			padding: 0px !important;
			min-width: inherit !important;
			min-height: inherit !important;
			background-color: inherit !important;
			margin: -7px 0px 0px 0px !important;
		}
		.notification {
			margin-bottom: 5px !important;
		}
		.icon-container{
			padding-bottom: 8px;
		}
		.import-footer{
			float: right;
		}
		.import-parent-container{
			clear: both;
			margin-bottom: 50px;
		}
	</style>
	<body>
		<div class="import-parent-container">
			<!-- Error section -->
			<div class="notification notification-danger" id="error_section" style="display:none">
				<span class="notification-icon icon-cross-circle"></span>
				<span tabindex= "0" id="error_msg"/>
				<button class="btn-icon close icon-cross" onclick="closeMessage('error_section')"><span class="sr-only">Close</span></button>
			</div>

			<!-- Warning section -->
			<div class="notification notification-warning" id="warn_section" style="display:none">
				<span class="notification-icon icon-info"></span>
				<span id="warn_msg"/>
				<button class="btn-icon close icon-cross" onclick="closeMessage('warn_section')"><span class="sr-only">Close</span></button>
			</div>

			<!-- Success section -->
			<div class="notification notification-success" id="success_section" style="display:none">
				<span class="notification-icon icon-info"></span>
				<span id="success_msg"/>
				<button class="btn-icon close icon-cross" onclick="closeMessage('success_section')"><span class="sr-only">Close</span></button>
			</div>

			<div class="import-uploader">
				<!-- Download import template -->
				<div id="export-template" class="section">
					<p>${gs.getMessage("Template File")}</p>
					<a href="" onclick="downloadTemplate(); return false;">${gs.getMessage("Download Template File (.xlsx)")}</a>
				</div>
				<div class="section">
					<p>${gs.getMessage("Choose a template file to upload")}</p>
					<div class="import-template">
						<div class="area upload-step drop-step" drag-over-class="hover">
							<div class="message upload">
								<div class="icon-container">
									<i class="icon-upload"></i>
								</div> 
								<div>${gs.getMessage('Drag and drop completed template file here')}</div>
								<div>${gs.getMessage("or")}</div>
								<div class="browse-btn">
									<button id="browse_file" onclick="browseFile()" class="btn btn-default" type="button">${gs.getMessage("Browse files")}</button>
								</div>
								<p id="template_name"/>
							</div> 
						</div>
					</div>
				</div>
				<div class="import-footer">
					<span id="loading">
						<i class="icon-loading"/>
					</span>
					<button id="import_excel_btn" onclick="uploadExcel()" class="submit-btn btn btn-primary" type="button" disabled="disabled">${gs.getMessage("Upload")}</button>
				</div>
			</div>
		</div>
	</body>
</j:jelly>]]></html>
    <name>job_applicants_excel</name>
    <processing_script/>
    <sys_class_name>sys_ui_page</sys_class_name>
    <sys_created_by>admin</sys_created_by>
    <sys_created_on>2019-03-11 07:21:22</sys_created_on>
    <sys_id>963070f6b7c073008fee6f28ee11a922</sys_id>
    <sys_mod_count>10</sys_mod_count>
    <sys_name>job_applicants_excel</sys_name>
    <sys_package display_value="Hiring Feedback" source="sn_hiring_feedback">817f729837831300a128036973990e47</sys_package>
    <sys_policy/>
    <sys_scope display_value="Hiring Feedback">817f729837831300a128036973990e47</sys_scope>
    <sys_update_name>sys_ui_page_963070f6b7c073008fee6f28ee11a922</sys_update_name>
    <sys_updated_by>admin</sys_updated_by>
    <sys_updated_on>2019-03-20 07:11:06</sys_updated_on>
  </sys_ui_page>
</record_update>
