<?xml version="1.0" encoding="UTF-8"?><record_update table="sys_ui_hp_publisher">
  <sys_ui_hp_publisher action="INSERT_OR_UPDATE">
    <allow_database_view_filter>false</allow_database_view_filter>
    <allow_extended_table>false</allow_extended_table>
    <boolean_field/>
    <boolean_table/>
    <date_filter/>
    <default_boolean_field/>
    <default_choice/>
    <default_date_filter/>
    <default_reference_field_value/>
    <description/>
    <exclusion_choice_list/>
    <look_up_name>Event Filter</look_up_name>
    <name>Event Filter</name>
    <reference_conditions/>
    <reference_table>sn_hiring_feedback_event</reference_table>
    <source_field/>
    <source_table/>
    <sys_class_name>sys_ui_hp_publisher</sys_class_name>
    <sys_created_by>admin</sys_created_by>
    <sys_created_on>2019-04-15 11:02:06</sys_created_on>
    <sys_id>b2dc25860f3033007e1763cda8767e63</sys_id>
    <sys_mod_count>12</sys_mod_count>
    <sys_name>Event Filter</sys_name>
    <sys_package display_value="Hiring Feedback" source="sn_hiring_feedback">817f729837831300a128036973990e47</sys_package>
    <sys_policy/>
    <sys_scope display_value="Hiring Feedback">817f729837831300a128036973990e47</sys_scope>
    <sys_update_name>sys_ui_hp_publisher_b2dc25860f3033007e1763cda8767e63</sys_update_name>
    <sys_updated_by>admin</sys_updated_by>
    <sys_updated_on>2019-04-15 11:25:25</sys_updated_on>
    <type>2</type>
    <ui_control_type>4</ui_control_type>
  </sys_ui_hp_publisher>
</record_update>
