<?xml version="1.0" encoding="UTF-8"?><record_update table="sys_security_acl_role">
  <sys_security_acl_role action="DELETE">
    <sys_class_name>sys_security_acl_role</sys_class_name>
    <sys_created_by>admin</sys_created_by>
    <sys_created_on>2019-03-11 09:20:57</sys_created_on>
    <sys_id>5b9bc5beb7c073008fee6f28ee11a930</sys_id>
    <sys_mod_count>0</sys_mod_count>
    <sys_name>sn_hiring_feedback_job_applicant_import_error.sn_hiring_feedback.job_applicant_import_error_user</sys_name>
    <sys_package display_value="Hiring Feedback" source="sn_hiring_feedback">817f729837831300a128036973990e47</sys_package>
    <sys_policy/>
    <sys_scope display_value="Hiring Feedback">817f729837831300a128036973990e47</sys_scope>
    <sys_security_acl display_value="sn_hiring_feedback_job_applicant_import_error">139bc5beb7c073008fee6f28ee11a92e</sys_security_acl>
    <sys_update_name>sys_security_acl_role_5b9bc5beb7c073008fee6f28ee11a930</sys_update_name>
    <sys_updated_by>admin</sys_updated_by>
    <sys_updated_on>2019-03-11 09:20:57</sys_updated_on>
    <sys_user_role display_value="sn_hiring_feedback.job_applicant_import_error_user" name="sn_hiring_feedback.job_applicant_import_error_user">df9bc5beb7c073008fee6f28ee11a921</sys_user_role>
    <transaction_id/>
  </sys_security_acl_role>
</record_update>
