<?xml version="1.0" encoding="UTF-8"?><record_update>
  <sys_ui_section caption="" section_id="5c196d37533010106b86ddeeff7b1283" sys_domain="global" table="sn_hiring_feedback_ux_design" version="3" view="">
    <sys_ui_element action="INSERT_OR_UPDATE">
      <element>round</element>
      <position>0</position>
      <sys_created_by>admin</sys_created_by>
      <sys_created_on>2020-05-22 14:18:57</sys_created_on>
      <sys_id>8328b9bf533010106b86ddeeff7b125d</sys_id>
      <sys_mod_count>0</sys_mod_count>
      <sys_ui_formatter/>
      <sys_ui_section caption="NULL" display_value="" name="sn_hiring_feedback_ux_design" sys_domain="global" view="Default view">5c196d37533010106b86ddeeff7b1283</sys_ui_section>
      <sys_updated_by>admin</sys_updated_by>
      <sys_updated_on>2020-05-22 14:18:57</sys_updated_on>
      <sys_user/>
      <type/>
    </sys_ui_element>
    <sys_ui_element action="INSERT_OR_UPDATE">
      <element>interviewer_email</element>
      <position>1</position>
      <sys_created_by>admin</sys_created_by>
      <sys_created_on>2020-05-22 14:18:57</sys_created_on>
      <sys_id>0728b9bf533010106b86ddeeff7b125d</sys_id>
      <sys_mod_count>0</sys_mod_count>
      <sys_ui_formatter/>
      <sys_ui_section caption="NULL" display_value="" name="sn_hiring_feedback_ux_design" sys_domain="global" view="Default view">5c196d37533010106b86ddeeff7b1283</sys_ui_section>
      <sys_updated_by>admin</sys_updated_by>
      <sys_updated_on>2020-05-22 14:18:57</sys_updated_on>
      <sys_user/>
      <type/>
    </sys_ui_element>
    <sys_ui_element action="INSERT_OR_UPDATE">
      <element>status</element>
      <position>2</position>
      <sys_created_by>admin</sys_created_by>
      <sys_created_on>2020-05-22 14:18:57</sys_created_on>
      <sys_id>8728b9bf533010106b86ddeeff7b125d</sys_id>
      <sys_mod_count>0</sys_mod_count>
      <sys_ui_formatter/>
      <sys_ui_section caption="NULL" display_value="" name="sn_hiring_feedback_ux_design" sys_domain="global" view="Default view">5c196d37533010106b86ddeeff7b1283</sys_ui_section>
      <sys_updated_by>admin</sys_updated_by>
      <sys_updated_on>2020-05-22 14:18:57</sys_updated_on>
      <sys_user/>
      <type/>
    </sys_ui_element>
    <sys_ui_element action="INSERT_OR_UPDATE">
      <element>interview_type</element>
      <position>3</position>
      <sys_created_by>admin</sys_created_by>
      <sys_created_on>2020-05-22 14:18:57</sys_created_on>
      <sys_id>0b28b9bf533010106b86ddeeff7b125d</sys_id>
      <sys_mod_count>0</sys_mod_count>
      <sys_ui_formatter/>
      <sys_ui_section caption="NULL" display_value="" name="sn_hiring_feedback_ux_design" sys_domain="global" view="Default view">5c196d37533010106b86ddeeff7b1283</sys_ui_section>
      <sys_updated_by>admin</sys_updated_by>
      <sys_updated_on>2020-05-22 14:18:57</sys_updated_on>
      <sys_user/>
      <type/>
    </sys_ui_element>
    <sys_ui_element action="INSERT_OR_UPDATE">
      <element>.split</element>
      <position>4</position>
      <sys_created_by>admin</sys_created_by>
      <sys_created_on>2020-05-22 14:18:57</sys_created_on>
      <sys_id>8b28b9bf533010106b86ddeeff7b125d</sys_id>
      <sys_mod_count>0</sys_mod_count>
      <sys_ui_formatter/>
      <sys_ui_section caption="NULL" display_value="" name="sn_hiring_feedback_ux_design" sys_domain="global" view="Default view">5c196d37533010106b86ddeeff7b1283</sys_ui_section>
      <sys_updated_by>admin</sys_updated_by>
      <sys_updated_on>2020-05-22 14:18:57</sys_updated_on>
      <sys_user/>
      <type>.split</type>
    </sys_ui_element>
    <sys_ui_element action="INSERT_OR_UPDATE">
      <element>job</element>
      <position>5</position>
      <sys_created_by>admin</sys_created_by>
      <sys_created_on>2020-05-22 14:18:57</sys_created_on>
      <sys_id>0f28b9bf533010106b86ddeeff7b125d</sys_id>
      <sys_mod_count>0</sys_mod_count>
      <sys_ui_formatter/>
      <sys_ui_section caption="NULL" display_value="" name="sn_hiring_feedback_ux_design" sys_domain="global" view="Default view">5c196d37533010106b86ddeeff7b1283</sys_ui_section>
      <sys_updated_by>admin</sys_updated_by>
      <sys_updated_on>2020-05-22 14:18:57</sys_updated_on>
      <sys_user/>
      <type/>
    </sys_ui_element>
    <sys_ui_element action="INSERT_OR_UPDATE">
      <element>start_time</element>
      <position>6</position>
      <sys_created_by>admin</sys_created_by>
      <sys_created_on>2020-05-22 14:18:57</sys_created_on>
      <sys_id>8f28b9bf533010106b86ddeeff7b125d</sys_id>
      <sys_mod_count>0</sys_mod_count>
      <sys_ui_formatter/>
      <sys_ui_section caption="NULL" display_value="" name="sn_hiring_feedback_ux_design" sys_domain="global" view="Default view">5c196d37533010106b86ddeeff7b1283</sys_ui_section>
      <sys_updated_by>admin</sys_updated_by>
      <sys_updated_on>2020-05-22 14:18:57</sys_updated_on>
      <sys_user/>
      <type/>
    </sys_ui_element>
    <sys_ui_element action="INSERT_OR_UPDATE">
      <element>end_time</element>
      <position>7</position>
      <sys_created_by>admin</sys_created_by>
      <sys_created_on>2020-05-22 14:18:57</sys_created_on>
      <sys_id>0328b9bf533010106b86ddeeff7b125e</sys_id>
      <sys_mod_count>0</sys_mod_count>
      <sys_ui_formatter/>
      <sys_ui_section caption="NULL" display_value="" name="sn_hiring_feedback_ux_design" sys_domain="global" view="Default view">5c196d37533010106b86ddeeff7b1283</sys_ui_section>
      <sys_updated_by>admin</sys_updated_by>
      <sys_updated_on>2020-05-22 14:18:57</sys_updated_on>
      <sys_user/>
      <type/>
    </sys_ui_element>
    <sys_ui_element action="INSERT_OR_UPDATE">
      <element>job.experience</element>
      <position>8</position>
      <sys_created_by>admin</sys_created_by>
      <sys_created_on>2020-05-22 14:18:57</sys_created_on>
      <sys_id>8328b9bf533010106b86ddeeff7b125e</sys_id>
      <sys_mod_count>0</sys_mod_count>
      <sys_ui_formatter/>
      <sys_ui_section caption="NULL" display_value="" name="sn_hiring_feedback_ux_design" sys_domain="global" view="Default view">5c196d37533010106b86ddeeff7b1283</sys_ui_section>
      <sys_updated_by>admin</sys_updated_by>
      <sys_updated_on>2020-05-22 14:18:57</sys_updated_on>
      <sys_user/>
      <type/>
    </sys_ui_element>
    <sys_ui_element action="INSERT_OR_UPDATE">
      <element>.end_split</element>
      <position>9</position>
      <sys_created_by>admin</sys_created_by>
      <sys_created_on>2020-05-22 14:18:57</sys_created_on>
      <sys_id>0728b9bf533010106b86ddeeff7b125e</sys_id>
      <sys_mod_count>0</sys_mod_count>
      <sys_ui_formatter/>
      <sys_ui_section caption="NULL" display_value="" name="sn_hiring_feedback_ux_design" sys_domain="global" view="Default view">5c196d37533010106b86ddeeff7b1283</sys_ui_section>
      <sys_updated_by>admin</sys_updated_by>
      <sys_updated_on>2020-05-22 14:18:57</sys_updated_on>
      <sys_user/>
      <type>.end_split</type>
    </sys_ui_element>
    <sys_ui_element action="INSERT_OR_UPDATE">
      <element>previous_interviewer_notes</element>
      <position>10</position>
      <sys_created_by>admin</sys_created_by>
      <sys_created_on>2020-05-22 14:18:57</sys_created_on>
      <sys_id>8728b9bf533010106b86ddeeff7b125e</sys_id>
      <sys_mod_count>0</sys_mod_count>
      <sys_ui_formatter/>
      <sys_ui_section caption="NULL" display_value="" name="sn_hiring_feedback_ux_design" sys_domain="global" view="Default view">5c196d37533010106b86ddeeff7b1283</sys_ui_section>
      <sys_updated_by>admin</sys_updated_by>
      <sys_updated_on>2020-05-22 14:18:57</sys_updated_on>
      <sys_user/>
      <type/>
    </sys_ui_element>
    <sys_ui_element action="INSERT_OR_UPDATE">
      <element>skill1</element>
      <position>11</position>
      <sys_created_by>admin</sys_created_by>
      <sys_created_on>2020-05-22 14:18:57</sys_created_on>
      <sys_id>8328b9bf533010106b86ddeeff7b12a9</sys_id>
      <sys_mod_count>0</sys_mod_count>
      <sys_ui_formatter/>
      <sys_ui_section caption="NULL" display_value="" name="sn_hiring_feedback_ux_design" sys_domain="global" view="Default view">5c196d37533010106b86ddeeff7b1283</sys_ui_section>
      <sys_updated_by>admin</sys_updated_by>
      <sys_updated_on>2020-05-22 14:18:57</sys_updated_on>
      <sys_user/>
      <type/>
    </sys_ui_element>
    <sys_ui_element action="INSERT_OR_UPDATE">
      <element>skill2</element>
      <position>12</position>
      <sys_created_by>admin</sys_created_by>
      <sys_created_on>2020-05-22 14:18:57</sys_created_on>
      <sys_id>0728b9bf533010106b86ddeeff7b12a9</sys_id>
      <sys_mod_count>0</sys_mod_count>
      <sys_ui_formatter/>
      <sys_ui_section caption="NULL" display_value="" name="sn_hiring_feedback_ux_design" sys_domain="global" view="Default view">5c196d37533010106b86ddeeff7b1283</sys_ui_section>
      <sys_updated_by>admin</sys_updated_by>
      <sys_updated_on>2020-05-22 14:18:57</sys_updated_on>
      <sys_user/>
      <type/>
    </sys_ui_element>
    <sys_ui_element action="INSERT_OR_UPDATE">
      <element>skill3</element>
      <position>13</position>
      <sys_created_by>admin</sys_created_by>
      <sys_created_on>2020-05-22 14:18:57</sys_created_on>
      <sys_id>8728b9bf533010106b86ddeeff7b12a9</sys_id>
      <sys_mod_count>0</sys_mod_count>
      <sys_ui_formatter/>
      <sys_ui_section caption="NULL" display_value="" name="sn_hiring_feedback_ux_design" sys_domain="global" view="Default view">5c196d37533010106b86ddeeff7b1283</sys_ui_section>
      <sys_updated_by>admin</sys_updated_by>
      <sys_updated_on>2020-05-22 14:18:57</sys_updated_on>
      <sys_user/>
      <type/>
    </sys_ui_element>
    <sys_ui_element action="INSERT_OR_UPDATE">
      <element>skill4</element>
      <position>14</position>
      <sys_created_by>admin</sys_created_by>
      <sys_created_on>2020-05-22 14:18:57</sys_created_on>
      <sys_id>0b28b9bf533010106b86ddeeff7b12a9</sys_id>
      <sys_mod_count>0</sys_mod_count>
      <sys_ui_formatter/>
      <sys_ui_section caption="NULL" display_value="" name="sn_hiring_feedback_ux_design" sys_domain="global" view="Default view">5c196d37533010106b86ddeeff7b1283</sys_ui_section>
      <sys_updated_by>admin</sys_updated_by>
      <sys_updated_on>2020-05-22 14:18:57</sys_updated_on>
      <sys_user/>
      <type/>
    </sys_ui_element>
    <sys_ui_element action="INSERT_OR_UPDATE">
      <element>skill5</element>
      <position>15</position>
      <sys_created_by>admin</sys_created_by>
      <sys_created_on>2020-05-22 14:18:57</sys_created_on>
      <sys_id>8b28b9bf533010106b86ddeeff7b12a9</sys_id>
      <sys_mod_count>0</sys_mod_count>
      <sys_ui_formatter/>
      <sys_ui_section caption="NULL" display_value="" name="sn_hiring_feedback_ux_design" sys_domain="global" view="Default view">5c196d37533010106b86ddeeff7b1283</sys_ui_section>
      <sys_updated_by>admin</sys_updated_by>
      <sys_updated_on>2020-05-22 14:18:57</sys_updated_on>
      <sys_user/>
      <type/>
    </sys_ui_element>
    <sys_ui_element action="INSERT_OR_UPDATE">
      <element>overall_comments</element>
      <position>16</position>
      <sys_created_by>admin</sys_created_by>
      <sys_created_on>2020-05-22 14:18:57</sys_created_on>
      <sys_id>0f28b9bf533010106b86ddeeff7b12a9</sys_id>
      <sys_mod_count>0</sys_mod_count>
      <sys_ui_formatter/>
      <sys_ui_section caption="NULL" display_value="" name="sn_hiring_feedback_ux_design" sys_domain="global" view="Default view">5c196d37533010106b86ddeeff7b1283</sys_ui_section>
      <sys_updated_by>admin</sys_updated_by>
      <sys_updated_on>2020-05-22 14:18:57</sys_updated_on>
      <sys_user/>
      <type/>
    </sys_ui_element>
    <sys_ui_element action="INSERT_OR_UPDATE">
      <element>next_interviewer_notes</element>
      <position>17</position>
      <sys_created_by>admin</sys_created_by>
      <sys_created_on>2020-05-22 14:18:57</sys_created_on>
      <sys_id>8f28b9bf533010106b86ddeeff7b12a9</sys_id>
      <sys_mod_count>0</sys_mod_count>
      <sys_ui_formatter/>
      <sys_ui_section caption="NULL" display_value="" name="sn_hiring_feedback_ux_design" sys_domain="global" view="Default view">5c196d37533010106b86ddeeff7b1283</sys_ui_section>
      <sys_updated_by>admin</sys_updated_by>
      <sys_updated_on>2020-05-22 14:18:57</sys_updated_on>
      <sys_user/>
      <type/>
    </sys_ui_element>
    <sys_ui_section action="INSERT_OR_UPDATE">
      <caption/>
      <header>false</header>
      <name>sn_hiring_feedback_ux_design</name>
      <roles/>
      <sys_class_name>sys_ui_section</sys_class_name>
      <sys_created_by>admin</sys_created_by>
      <sys_created_on>2020-05-22 13:12:57</sys_created_on>
      <sys_domain>global</sys_domain>
      <sys_domain_path>/</sys_domain_path>
      <sys_id>5c196d37533010106b86ddeeff7b1283</sys_id>
      <sys_mod_count>0</sys_mod_count>
      <sys_name>sn_hiring_feedback_ux_design</sys_name>
      <sys_overrides/>
      <sys_package display_value="Hiring Feedback" source="sn_hiring_feedback">817f729837831300a128036973990e47</sys_package>
      <sys_policy/>
      <sys_scope display_value="Hiring Feedback">817f729837831300a128036973990e47</sys_scope>
      <sys_update_name>sys_ui_section_5c196d37533010106b86ddeeff7b1283</sys_update_name>
      <sys_updated_by>admin</sys_updated_by>
      <sys_updated_on>2020-05-22 13:12:57</sys_updated_on>
      <sys_user/>
      <title>true</title>
      <view display_value="Default view" name="NULL">Default view</view>
      <view_name/>
    </sys_ui_section>
  </sys_ui_section>
</record_update>
