<?xml version="1.0" encoding="UTF-8"?><record_update sys_domain="global" table="sys_ui_module">
  <sys_ui_module action="INSERT_OR_UPDATE">
    <active>true</active>
    <application display_value="Hiring Feedback">7567337cb7bb23008fee6f28ee11a971</application>
    <filter table="sn_hiring_feedback_job">status=in_process^EQ<item endquery="false" field="status" goto="false" newquery="false" operator="=" or="false" value="in_process"/>
      <item endquery="true" field="" goto="false" newquery="false" operator="=" or="false" value=""/>
    </filter>
    <name>Active Applicants</name>
    <order>100</order>
    <path/>
    <path_relative_to_root>false</path_relative_to_root>
    <roles>sn_hiring_feedback.manager,sn_hiring_feedback.recruiter,sn_hiring_feedback.interviewer</roles>
    <sys_class_name>sys_ui_module</sys_class_name>
    <sys_created_by>admin</sys_created_by>
    <sys_created_on>2019-02-21 06:27:58</sys_created_on>
    <sys_domain>global</sys_domain>
    <sys_domain_path>/</sys_domain_path>
    <sys_id>5f47ff3cb7bb23008fee6f28ee11a9c0</sys_id>
    <sys_mod_count>5</sys_mod_count>
    <sys_name>Active Applicants</sys_name>
    <sys_package display_value="Hiring Feedback" source="sn_hiring_feedback">817f729837831300a128036973990e47</sys_package>
    <sys_policy/>
    <sys_scope display_value="Hiring Feedback">817f729837831300a128036973990e47</sys_scope>
    <sys_update_name>sys_ui_module_5f47ff3cb7bb23008fee6f28ee11a9c0</sys_update_name>
    <sys_updated_by>admin</sys_updated_by>
    <sys_updated_on>2019-04-10 05:22:51</sys_updated_on>
    <table>sn_hiring_feedback_job</table>
    <uncancelable>false</uncancelable>
    <view_name/>
  </sys_ui_module>
</record_update>
