<?xml version="1.0" encoding="UTF-8"?><record_update sys_domain="global" table="sys_script">
  <sys_script action="INSERT_OR_UPDATE">
    <abort_action>false</abort_action>
    <access>package_private</access>
    <action_delete>false</action_delete>
    <action_insert>true</action_insert>
    <action_query>false</action_query>
    <action_update>false</action_update>
    <active>true</active>
    <add_message>false</add_message>
    <advanced>true</advanced>
    <change_fields>false</change_fields>
    <client_callable>false</client_callable>
    <collection>sn_hiring_feedback_temp_user</collection>
    <condition/>
    <description/>
    <execute_function>false</execute_function>
    <filter_condition/>
    <is_rest>false</is_rest>
    <message/>
    <name>Register Public User</name>
    <order>100</order>
    <priority>100</priority>
    <rest_method/>
    <rest_method_text/>
    <rest_service/>
    <rest_service_text/>
    <rest_variables/>
    <role_conditions/>
    <script><![CDATA[(function executeRule(current, previous /*null when async*/) {
	/*
		Creates a user with given details.
	*/
	var registrationUtils = new RegistrationUtils();
	
	if (registrationUtils.createUser(current.user_id, current.first_name, current.last_name, current.team)) {
		gs.addInfoMessage("Registration successful. Please check your inbox for further instructions.");
		var url = gs.getProperty("glide.servlet.uri");
	}
	else {
		gs.addErrorMessage("User Registration Failed. Please contact an administrator.");
	}
	
})(current, previous);]]></script>
    <sys_class_name>sys_script</sys_class_name>
    <sys_created_by>admin</sys_created_by>
    <sys_created_on>2019-02-25 09:01:26</sys_created_on>
    <sys_domain>global</sys_domain>
    <sys_domain_path>/</sys_domain_path>
    <sys_id>1ab04dda0f3723007e1763cda8767e1b</sys_id>
    <sys_mod_count>7</sys_mod_count>
    <sys_name>Register Public User</sys_name>
    <sys_overrides/>
    <sys_package display_value="Hiring Feedback" source="sn_hiring_feedback">817f729837831300a128036973990e47</sys_package>
    <sys_policy/>
    <sys_scope display_value="Hiring Feedback">817f729837831300a128036973990e47</sys_scope>
    <sys_update_name>sys_script_1ab04dda0f3723007e1763cda8767e1b</sys_update_name>
    <sys_updated_by>admin</sys_updated_by>
    <sys_updated_on>2019-03-20 06:40:46</sys_updated_on>
    <template/>
    <when>after</when>
  </sys_script>
  <sys_translated_text action="delete_multiple" query="documentkey=1ab04dda0f3723007e1763cda8767e1b"/>
</record_update>
