<?xml version="1.0" encoding="UTF-8"?>
<record_update>
  <sys_documentation element="previous_comments_skill3" label="Design Architecture/Domain Skills" language="en" table="sn_hiring_feedback_apps_engineering">
    <sys_documentation action="INSERT_OR_UPDATE">
      <element>previous_comments_skill3</element>
      <help/>
      <hint/>
      <label>Design Architecture/Domain Skills</label>
      <language>en</language>
      <name>sn_hiring_feedback_apps_engineering</name>
      <plural>Design Architecture/Domain Skills</plural>
      <sys_class_name>sys_documentation</sys_class_name>
      <sys_created_by>admin</sys_created_by>
      <sys_created_on>2020-02-20 17:25:23</sys_created_on>
      <sys_id>87707856734300107e88ef66fbf6a700</sys_id>
      <sys_mod_count>1</sys_mod_count>
      <sys_name>Design Architecture/Domain Skills</sys_name>
      <sys_package display_value="Hiring Feedback" source="sn_hiring_feedback">817f729837831300a128036973990e47</sys_package>
      <sys_policy/>
      <sys_scope display_value="Hiring Feedback">817f729837831300a128036973990e47</sys_scope>
      <sys_update_name>sys_documentation_sn_hiring_feedback_apps_engineering_previous_comments_skill3_en</sys_update_name>
      <sys_updated_by>admin</sys_updated_by>
      <sys_updated_on>2020-03-04 05:05:50</sys_updated_on>
      <url/>
      <url_target/>
    </sys_documentation>
  </sys_documentation>
</record_update>
