<?xml version="1.0" encoding="UTF-8"?><record_update>
  <sys_ui_section caption="" section_id="bebb24590f7323007e1763cda8767e5e" sys_domain="global" table="sn_hiring_feedback_event" version="3" view="">
    <sys_ui_element action="INSERT_OR_UPDATE">
      <element>name</element>
      <position>0</position>
      <sys_created_by>admin</sys_created_by>
      <sys_created_on>2019-04-05 06:24:34</sys_created_on>
      <sys_id>4ff29d7e536033004dc0ddeeff7b12fd</sys_id>
      <sys_mod_count>0</sys_mod_count>
      <sys_ui_formatter/>
      <sys_ui_section caption="NULL" display_value="" name="sn_hiring_feedback_event" sys_domain="global" view="Default view">bebb24590f7323007e1763cda8767e5e</sys_ui_section>
      <sys_updated_by>admin</sys_updated_by>
      <sys_updated_on>2019-04-05 06:24:34</sys_updated_on>
      <sys_user/>
      <type/>
    </sys_ui_element>
    <sys_ui_element action="INSERT_OR_UPDATE">
      <element>date</element>
      <position>1</position>
      <sys_created_by>admin</sys_created_by>
      <sys_created_on>2019-04-05 06:24:34</sys_created_on>
      <sys_id>cff29d7e536033004dc0ddeeff7b12fd</sys_id>
      <sys_mod_count>0</sys_mod_count>
      <sys_ui_formatter/>
      <sys_ui_section caption="NULL" display_value="" name="sn_hiring_feedback_event" sys_domain="global" view="Default view">bebb24590f7323007e1763cda8767e5e</sys_ui_section>
      <sys_updated_by>admin</sys_updated_by>
      <sys_updated_on>2019-04-05 06:24:34</sys_updated_on>
      <sys_user/>
      <type/>
    </sys_ui_element>
    <sys_ui_element action="INSERT_OR_UPDATE">
      <element>.split</element>
      <position>2</position>
      <sys_created_by>admin</sys_created_by>
      <sys_created_on>2019-04-05 06:24:34</sys_created_on>
      <sys_id>43f29d7e536033004dc0ddeeff7b12fe</sys_id>
      <sys_mod_count>0</sys_mod_count>
      <sys_ui_formatter/>
      <sys_ui_section caption="NULL" display_value="" name="sn_hiring_feedback_event" sys_domain="global" view="Default view">bebb24590f7323007e1763cda8767e5e</sys_ui_section>
      <sys_updated_by>admin</sys_updated_by>
      <sys_updated_on>2019-04-05 06:24:34</sys_updated_on>
      <sys_user/>
      <type>.split</type>
    </sys_ui_element>
    <sys_ui_element action="INSERT_OR_UPDATE">
      <element>location</element>
      <position>3</position>
      <sys_created_by>admin</sys_created_by>
      <sys_created_on>2019-04-05 06:24:34</sys_created_on>
      <sys_id>c3f29d7e536033004dc0ddeeff7b12fe</sys_id>
      <sys_mod_count>0</sys_mod_count>
      <sys_ui_formatter/>
      <sys_ui_section caption="NULL" display_value="" name="sn_hiring_feedback_event" sys_domain="global" view="Default view">bebb24590f7323007e1763cda8767e5e</sys_ui_section>
      <sys_updated_by>admin</sys_updated_by>
      <sys_updated_on>2019-04-05 06:24:34</sys_updated_on>
      <sys_user/>
      <type/>
    </sys_ui_element>
    <sys_ui_element action="INSERT_OR_UPDATE">
      <element>members</element>
      <position>4</position>
      <sys_created_by>admin</sys_created_by>
      <sys_created_on>2019-04-05 06:24:34</sys_created_on>
      <sys_id>47f29d7e536033004dc0ddeeff7b12fe</sys_id>
      <sys_mod_count>0</sys_mod_count>
      <sys_ui_formatter/>
      <sys_ui_section caption="NULL" display_value="" name="sn_hiring_feedback_event" sys_domain="global" view="Default view">bebb24590f7323007e1763cda8767e5e</sys_ui_section>
      <sys_updated_by>admin</sys_updated_by>
      <sys_updated_on>2019-04-05 06:24:34</sys_updated_on>
      <sys_user/>
      <type/>
    </sys_ui_element>
    <sys_ui_section action="INSERT_OR_UPDATE">
      <caption/>
      <header>false</header>
      <name>sn_hiring_feedback_event</name>
      <roles/>
      <sys_class_name>sys_ui_section</sys_class_name>
      <sys_created_by>admin</sys_created_by>
      <sys_created_on>2019-02-22 04:55:05</sys_created_on>
      <sys_domain>global</sys_domain>
      <sys_domain_path>/</sys_domain_path>
      <sys_id>bebb24590f7323007e1763cda8767e5e</sys_id>
      <sys_mod_count>0</sys_mod_count>
      <sys_name>sn_hiring_feedback_event</sys_name>
      <sys_overrides/>
      <sys_package display_value="Hiring Feedback" source="sn_hiring_feedback">817f729837831300a128036973990e47</sys_package>
      <sys_policy/>
      <sys_scope display_value="Hiring Feedback">817f729837831300a128036973990e47</sys_scope>
      <sys_update_name>sys_ui_section_bebb24590f7323007e1763cda8767e5e</sys_update_name>
      <sys_updated_by>admin</sys_updated_by>
      <sys_updated_on>2019-02-22 04:55:05</sys_updated_on>
      <sys_user/>
      <title>true</title>
      <view display_value="Default view" name="NULL">Default view</view>
      <view_name/>
    </sys_ui_section>
  </sys_ui_section>
</record_update>
