<?xml version="1.0" encoding="UTF-8"?><record_update sys_domain="global" table="sys_ui_module">
  <sys_ui_module action="INSERT_OR_UPDATE">
    <active>true</active>
    <application display_value="Hiring Feedback">7567337cb7bb23008fee6f28ee11a971</application>
    <filter table="sn_hiring_feedback_interview">status=pending^logicISNOTEMPTY^ORcommunication_skillsISNOTEMPTY^ORdesignISNOTEMPTY^ORoverall_commentsISNOTEMPTY^ORnext_interviewer_notesISNOTEMPTY^ORprogramingISNOTEMPTY^EQ<item endquery="false" field="status" goto="false" newquery="false" operator="=" or="false" value="pending"/>
      <item endquery="false" field="logic" goto="false" newquery="false" operator="ISNOTEMPTY" or="false" value=""/>
      <item endquery="false" field="communication_skills" goto="false" newquery="false" operator="ISNOTEMPTY" or="true" value=""/>
      <item endquery="false" field="design" goto="false" newquery="false" operator="ISNOTEMPTY" or="true" value=""/>
      <item endquery="false" field="overall_comments" goto="false" newquery="false" operator="ISNOTEMPTY" or="true" value=""/>
      <item endquery="false" field="next_interviewer_notes" goto="false" newquery="false" operator="ISNOTEMPTY" or="true" value=""/>
      <item endquery="false" field="programing" goto="false" newquery="false" operator="ISNOTEMPTY" or="true" value=""/>
      <item endquery="true" field="" goto="false" newquery="false" operator="=" or="false" value=""/>
    </filter>
    <name>Interviews Pending Decision</name>
    <order>130</order>
    <path/>
    <path_relative_to_root>false</path_relative_to_root>
    <roles>sn_hiring_feedback.manager,sn_hiring_feedback.recruiter</roles>
    <sys_class_name>sys_ui_module</sys_class_name>
    <sys_created_by>admin</sys_created_by>
    <sys_created_on>2019-04-10 05:24:48</sys_created_on>
    <sys_domain>global</sys_domain>
    <sys_domain_path>/</sys_domain_path>
    <sys_id>b6d43a940f3033007e1763cda8767e98</sys_id>
    <sys_mod_count>1</sys_mod_count>
    <sys_name>Interviews Pending Decision</sys_name>
    <sys_package display_value="Hiring Feedback" source="sn_hiring_feedback">817f729837831300a128036973990e47</sys_package>
    <sys_policy/>
    <sys_scope display_value="Hiring Feedback">817f729837831300a128036973990e47</sys_scope>
    <sys_update_name>sys_ui_module_b6d43a940f3033007e1763cda8767e98</sys_update_name>
    <sys_updated_by>admin</sys_updated_by>
    <sys_updated_on>2019-04-10 05:25:41</sys_updated_on>
    <table>sn_hiring_feedback_interview</table>
    <uncancelable>false</uncancelable>
    <view_name/>
  </sys_ui_module>
</record_update>
