<?xml version="1.0" encoding="UTF-8"?><record_update table="sys_security_acl_role">
  <sys_security_acl_role action="INSERT_OR_UPDATE">
    <sys_class_name>sys_security_acl_role</sys_class_name>
    <sys_created_by>admin</sys_created_by>
    <sys_created_on>2019-04-01 05:49:09</sys_created_on>
    <sys_id>9e74ace1532433004dc0ddeeff7b12c7</sys_id>
    <sys_mod_count>0</sys_mod_count>
    <sys_name>sn_hiring_feedback_temp_user.sn_hiring_feedback.recruiter</sys_name>
    <sys_package display_value="Hiring Feedback" source="sn_hiring_feedback">817f729837831300a128036973990e47</sys_package>
    <sys_policy/>
    <sys_scope display_value="Hiring Feedback">817f729837831300a128036973990e47</sys_scope>
    <sys_security_acl display_value="sn_hiring_feedback_temp_user">cd37a41a0f3723007e1763cda8767ed3</sys_security_acl>
    <sys_update_name>sys_security_acl_role_9e74ace1532433004dc0ddeeff7b12c7</sys_update_name>
    <sys_updated_by>admin</sys_updated_by>
    <sys_updated_on>2019-04-01 05:49:09</sys_updated_on>
    <sys_user_role display_value="sn_hiring_feedback.recruiter" name="sn_hiring_feedback.recruiter">0c2a04480fbb23007e1763cda8767e9d</sys_user_role>
    <transaction_id/>
  </sys_security_acl_role>
</record_update>
