<?xml version="1.0" encoding="UTF-8"?>
<record_update table="sys_portal_preferences">
<sys_portal_preferences action="INSERT_OR_UPDATE">
<name>show_border</name>
<portal_section display_value="2b05fdf60f0133007e1763cda8767e9b">2b05fdf60f0133007e1763cda8767e9b</portal_section>
<sys_created_by>admin</sys_created_by>
<sys_created_on>2019-04-30 10:38:53</sys_created_on>
<sys_id>a4fcbeb60f4133007e1763cda8767ee0</sys_id>
<sys_mod_count>2</sys_mod_count>
<sys_updated_by>admin</sys_updated_by>
<sys_updated_on>2019-04-30 11:02:01</sys_updated_on>
<value>false</value>
</sys_portal_preferences>
</record_update>
