<?xml version="1.0" encoding="UTF-8"?><record_update table="sys_grid_canvas">
  <sys_grid_canvas action="INSERT_OR_UPDATE">
    <legacy_page display_value="PA Tab">f3a6f5960f7033007e1763cda8767e6e</legacy_page>
    <name>PA Tab</name>
    <sys_class_name>sys_grid_canvas</sys_class_name>
    <sys_created_by>admin</sys_created_by>
    <sys_created_on>2019-04-16 05:59:16</sys_created_on>
    <sys_id>7ba6f5960f7033007e1763cda8767e6e</sys_id>
    <sys_mod_count>0</sys_mod_count>
    <sys_name>PA Tab</sys_name>
    <sys_package display_value="Hiring Feedback" source="sn_hiring_feedback">817f729837831300a128036973990e47</sys_package>
    <sys_policy/>
    <sys_scope display_value="Hiring Feedback">817f729837831300a128036973990e47</sys_scope>
    <sys_update_name>sys_grid_canvas_7ba6f5960f7033007e1763cda8767e6e</sys_update_name>
    <sys_updated_by>admin</sys_updated_by>
    <sys_updated_on>2019-04-16 05:59:16</sys_updated_on>
  </sys_grid_canvas>
</record_update>
