<?xml version="1.0" encoding="UTF-8"?><record_update table="sys_embedded_help_role">
    <sys_embedded_help_role action="INSERT_OR_UPDATE">
        <order>1000</order>
        <role display_value="sn_hiring_feedback.job_user" name="sn_hiring_feedback.job_user">ad204f5837831300a128036973990eb5</role>
        <sys_class_name>sys_embedded_help_role</sys_class_name>
        <sys_created_by>admin</sys_created_by>
        <sys_created_on>2018-06-28 10:11:21</sys_created_on>
        <sys_id>a9204f5837831300a128036973990eb7</sys_id>
        <sys_mod_count>0</sys_mod_count>
        <sys_name>ad204f5837831300a128036973990eb5</sys_name>
        <sys_package display_value="Hiring Feedback" source="sn_hiring_feedback">817f729837831300a128036973990e47</sys_package>
        <sys_policy/>
        <sys_scope display_value="Hiring Feedback">817f729837831300a128036973990e47</sys_scope>
        <sys_update_name>sys_embedded_help_role_a9204f5837831300a128036973990eb7</sys_update_name>
        <sys_updated_by>admin</sys_updated_by>
        <sys_updated_on>2018-06-28 10:11:21</sys_updated_on>
    </sys_embedded_help_role>
</record_update>
