<?xml version="1.0" encoding="UTF-8"?>
<record_update table="sys_portal_preferences">
<sys_portal_preferences action="INSERT_OR_UPDATE">
<name>help_text_window</name>
<portal_section display_value="10de31ba0f0133007e1763cda8767e8a">10de31ba0f0133007e1763cda8767e8a</portal_section>
<sys_created_by>admin</sys_created_by>
<sys_created_on>2019-04-30 06:07:27</sys_created_on>
<sys_id>5cde31ba0f0133007e1763cda8767e8a</sys_id>
<sys_mod_count>0</sys_mod_count>
<sys_updated_by>admin</sys_updated_by>
<sys_updated_on>2019-04-30 06:07:27</sys_updated_on>
<value>report_widget_description</value>
</sys_portal_preferences>
</record_update>
