<?xml version="1.0" encoding="UTF-8"?><record_update table="sys_impex_entry">
    <sys_impex_entry action="INSERT_OR_UPDATE">
        <default_value/>
        <field>start_time</field>
        <map display_value="icalendar.sn_hiring_feedback_interview">a233b52437931300a128036973990e9d</map>
        <mapped_field>start_time</mapped_field>
        <name>dtstart</name>
        <script/>
        <sys_class_name>sys_impex_entry</sys_class_name>
        <sys_created_by>admin</sys_created_by>
        <sys_created_on>2018-07-11 09:36:29</sys_created_on>
        <sys_id>6e24bd2437931300a128036973990e82</sys_id>
        <sys_mod_count>0</sys_mod_count>
        <sys_name>dtstart</sys_name>
        <sys_package display_value="Hiring Feedback" source="sn_hiring_feedback">817f729837831300a128036973990e47</sys_package>
        <sys_policy/>
        <sys_scope display_value="Hiring Feedback">817f729837831300a128036973990e47</sys_scope>
        <sys_update_name>sys_impex_entry_6e24bd2437931300a128036973990e82</sys_update_name>
        <sys_updated_by>admin</sys_updated_by>
        <sys_updated_on>2018-07-11 09:36:29</sys_updated_on>
        <table>sn_hiring_feedback_interview</table>
        <type>field</type>
        <var_name/>
    </sys_impex_entry>
</record_update>
