<?xml version="1.0" encoding="UTF-8"?>
<record_update table="sys_grid_canvas_pane">
  <sys_grid_canvas_pane action="INSERT_OR_UPDATE">
    <grid_canvas display_value="PA Tab">7ba6f5960f7033007e1763cda8767e6e</grid_canvas>
    <height>7</height>
    <portal_widget display_value="Created 2019-04-30 17:30:37">e5af83fa0f4133007e1763cda8767ef4</portal_widget>
    <posx>9</posx>
    <posy>6</posy>
    <sys_class_name>sys_grid_canvas_pane</sys_class_name>
    <sys_created_by>admin</sys_created_by>
    <sys_created_on>2019-04-30 12:00:37</sys_created_on>
    <sys_id>e9af83fa0f4133007e1763cda8767ef6</sys_id>
    <sys_mod_count>23</sys_mod_count>
    <sys_name>7ba6f5960f7033007e1763cda8767e6e</sys_name>
    <sys_package display_value="Hiring Feedback" source="sn_hiring_feedback">817f729837831300a128036973990e47</sys_package>
    <sys_policy/>
    <sys_scope display_value="Hiring Feedback">817f729837831300a128036973990e47</sys_scope>
    <sys_update_name>sys_grid_canvas_pane_e9af83fa0f4133007e1763cda8767ef6</sys_update_name>
    <sys_updated_by>admin</sys_updated_by>
    <sys_updated_on>2020-02-11 19:10:30</sys_updated_on>
    <width>3</width>
  </sys_grid_canvas_pane>
</record_update>
