<?xml version="1.0" encoding="UTF-8"?><record_update table="sys_security_acl">
  <sys_security_acl action="INSERT_OR_UPDATE">
    <active>true</active>
    <admin_overrides>true</admin_overrides>
    <advanced>true</advanced>
    <condition/>
    <description>Recruiters, Managers and Members of the Event only can edit the started Field.</description>
    <name>sn_hiring_feedback_interview.start_time</name>
    <operation display_value="write">write</operation>
    <script><![CDATA[var recruiter = gs.getUser().hasRole('sn_hiring_feedback.recruiter') && current.getElement('status') == 'pending';
var manager = gs.getUser().hasRole('sn_hiring_feedback.manager') && current.getElement('status') == 'pending';
var interviewer = gs.getUser().hasRole('sn_hiring_feedback.interviewer') && gs.getUser().getID().equals(current.getElement('interviewer_email'));
/*
	Permission only to the Hiring Manager of the Interview
	var manager = gs.getUser().hasRole('sn_hiring_feedback.manager') && gs.getUser().getID().equals(current.getElement('job.hiring_manager'));
*/

var member = gs.getUser().hasRole('sn_hiring_feedback.interviewer') && !current.getElement('interviewer_email');

answer = recruiter || manager || interviewer || member;]]></script>
    <sys_class_name>sys_security_acl</sys_class_name>
    <sys_created_by>admin</sys_created_by>
    <sys_created_on>2019-04-10 04:59:40</sys_created_on>
    <sys_id>006faa140f3033007e1763cda8767e08</sys_id>
    <sys_mod_count>2</sys_mod_count>
    <sys_name>sn_hiring_feedback_interview.start_time</sys_name>
    <sys_package display_value="Hiring Feedback" source="sn_hiring_feedback">817f729837831300a128036973990e47</sys_package>
    <sys_policy/>
    <sys_scope display_value="Hiring Feedback">817f729837831300a128036973990e47</sys_scope>
    <sys_update_name>sys_security_acl_006faa140f3033007e1763cda8767e08</sys_update_name>
    <sys_updated_by>admin</sys_updated_by>
    <sys_updated_on>2019-04-23 08:52:10</sys_updated_on>
    <type display_value="record">record</type>
  </sys_security_acl>
</record_update>
