<?xml version="1.0" encoding="UTF-8"?>
<record_update table="sys_script_include">
  <sys_script_include action="INSERT_OR_UPDATE">
    <access>package_private</access>
    <active>true</active>
    <api_name>sn_hiring_feedback.updateFeedbackScript</api_name>
    <caller_access/>
    <client_callable>false</client_callable>
    <description/>
    <name>updateFeedbackScript</name>
    <script><![CDATA[var updateFeedbackScript = Class.create();
updateFeedbackScript.prototype = {
    initialize: function() {
        this.sendReply = 0;
    },
    checkForFeedbackTable: function(competencies, txt) {
        var response = true;
        for (var i = 0; i < competencies.length; i++) {
            response = response && (txt.indexOf(competencies[i]) != -1);
        }
        response = response && (txt.indexOf('Notes for Next Interviewer') != -1) && (txt.indexOf('Status (approved, rejected, on_hold)') != -1);
        return response;
    },
    setComment: function(column, currentLabel, nextLabel, current, txt, competencies) {
        /*
        	Extract the currentLabel's value and sets it to corresponding column
        */
        var currentLabelValueIndex, currentLabelValue;
        if (txt.indexOf(currentLabel) != -1 && txt.indexOf(nextLabel) != -1) {
            currentLabelValueIndex = txt.indexOf(currentLabel) + currentLabel.length;
            currentLabelValueIndex = currentLabelValueIndex + 1;

            currentLabelValue = txt.substring(currentLabelValueIndex, txt.indexOf(nextLabel)).trim();
            if (currentLabelValue != '' && column != 'status') {
                current.setValue(column, currentLabelValue);
            }

            if (column === 'status') {
                if (currentLabelValue.charAt(currentLabelValue.length - 1) == '.') {
                    currentLabelValue = currentLabelValue.substring(0, currentLabelValue.length - 1);
                }
                if (currentLabelValue.toLowerCase() == "approved" || currentLabelValue.toLowerCase() == "rejected" || currentLabelValue.toLowerCase() == "on_hold" || currentLabelValue.toLowerCase() == "pending") {
                    current.setValue(column, currentLabelValue.toLowerCase());
                } else {
                    this.sendReply = 1;
                }
            }
        } else if (txt.indexOf(currentLabel) != -1 && currentLabel === competencies[competencies.length - 1]) {
            //when we receive email from an interviewer there won't be fitment column. So after communication there will be notes for next interviewer feedback
            currentLabelValueIndex = txt.indexOf(currentLabel) + currentLabel.length;
            currentLabelValueIndex = currentLabelValueIndex + 1;

            currentLabelValue = txt.substring(currentLabelValueIndex, txt.indexOf('Notes for Next Interviewer')).trim();
            if (currentLabelValue != '') {
                current.setValue(column, currentLabelValue);
            }
        }
    },
    updateRecord: function(numberOfCompetencies, competencies, current, txt) {
        if (this.checkForFeedbackTable(competencies, txt)) {
            for (i = 1; i <= numberOfCompetencies; i++) {
                if (i == numberOfCompetencies) {
                    this.setComment('skill' + i, competencies[i - 1], 'Fitment', current, txt, competencies);
                } else {
                    this.setComment('skill' + i, competencies[i - 1], competencies[i], current, txt, competencies);
                }
            }
            this.setComment('overall_comments', 'Fitment', 'Notes for Next Interviewer', current, txt, competencies);
            this.setComment('next_interviewer_notes', 'Notes for Next Interviewer', 'Status (approved, rejected, on_hold)', current, txt, competencies);
            this.setComment('status', 'Status (approved, rejected, on_hold)', 'Unsubscribe', current, txt, competencies);
        }
        current.update();
        return this.sendReply;
    },

    type: 'updateFeedbackScript'
};]]></script>
    <sys_class_name>sys_script_include</sys_class_name>
    <sys_created_by>admin</sys_created_by>
    <sys_created_on>2020-03-02 07:13:48</sys_created_on>
    <sys_id>1ccd07a1735700107e88ef66fbf6a764</sys_id>
    <sys_mod_count>1</sys_mod_count>
    <sys_name>updateFeedbackScript</sys_name>
    <sys_package display_value="Hiring Feedback" source="sn_hiring_feedback">817f729837831300a128036973990e47</sys_package>
    <sys_policy/>
    <sys_scope display_value="Hiring Feedback">817f729837831300a128036973990e47</sys_scope>
    <sys_update_name>sys_script_include_1ccd07a1735700107e88ef66fbf6a764</sys_update_name>
    <sys_updated_by>admin</sys_updated_by>
    <sys_updated_on>2020-03-02 09:25:13</sys_updated_on>
  </sys_script_include>
</record_update>
