<?xml version="1.0" encoding="UTF-8"?>
<record_update table="sys_portal">
<sys_portal action="INSERT_OR_UPDATE">
<dropzone/>
<offset/>
<page display_value="PA Tab">f3a6f5960f7033007e1763cda8767e6e</page>
<summary>Top 10 Interviewers</summary>
<sys_created_by>admin</sys_created_by>
<sys_created_on>2019-04-30 06:07:27</sys_created_on>
<sys_id>10de31ba0f0133007e1763cda8767e8a</sys_id>
<sys_mod_count>2</sys_mod_count>
<sys_updated_by>admin</sys_updated_by>
<sys_updated_on>2019-05-06 06:46:39</sys_updated_on>
</sys_portal>
</record_update>
