<?xml version="1.0" encoding="UTF-8"?><record_update sys_domain="global" table="sys_ui_application">
  <sys_ui_application action="DELETE">
    <active>true</active>
    <hint/>
    <name>Hiring Feedback</name>
    <order>0</order>
    <roles>sn_hiring_feedback.interviewer,sn_hiring_feedback.manager,sn_hiring_feedback.recruiter</roles>
    <sys_class_name>sys_ui_application</sys_class_name>
    <sys_created_by>admin</sys_created_by>
    <sys_created_on>2019-02-14 08:37:54</sys_created_on>
    <sys_domain>global</sys_domain>
    <sys_domain_path>/</sys_domain_path>
    <sys_id>6de1107a532723008feeddeeff7b1271</sys_id>
    <sys_mod_count>7</sys_mod_count>
    <sys_name>Hiring Feedback</sys_name>
    <sys_overrides/>
    <sys_package display_value="Hiring Feedback" source="sn_hiring_feedback">817f729837831300a128036973990e47</sys_package>
    <sys_policy/>
    <sys_scope display_value="Hiring Feedback">817f729837831300a128036973990e47</sys_scope>
    <sys_update_name>sys_ui_application_6de1107a532723008feeddeeff7b1271</sys_update_name>
    <sys_updated_by>admin</sys_updated_by>
    <sys_updated_on>2019-02-22 06:01:43</sys_updated_on>
  </sys_ui_application>
</record_update>
