<?xml version="1.0" encoding="UTF-8"?><record_update table="sys_security_acl">
  <sys_security_acl action="INSERT_OR_UPDATE">
    <active>true</active>
    <admin_overrides>true</admin_overrides>
    <advanced>true</advanced>
    <condition/>
    <description>Default access control on sn_hiring_feedback_event</description>
    <name>sn_hiring_feedback_event</name>
    <operation display_value="write">write</operation>
    <script><![CDATA[var recruiter = gs.getUser().hasRole('sn_hiring_feedback.recruiter');
var manager = gs.getUser().hasRole('sn_hiring_feedback.manager');


answer = recruiter || manager;]]></script>
    <sys_class_name>sys_security_acl</sys_class_name>
    <sys_created_by>admin</sys_created_by>
    <sys_created_on>2019-02-22 05:14:49</sys_created_on>
    <sys_id>bb30f41d0f7323007e1763cda8767e34</sys_id>
    <sys_mod_count>4</sys_mod_count>
    <sys_name>sn_hiring_feedback_event</sys_name>
    <sys_package display_value="Hiring Feedback" source="sn_hiring_feedback">817f729837831300a128036973990e47</sys_package>
    <sys_policy/>
    <sys_scope display_value="Hiring Feedback">817f729837831300a128036973990e47</sys_scope>
    <sys_update_name>sys_security_acl_bb30f41d0f7323007e1763cda8767e34</sys_update_name>
    <sys_updated_by>admin</sys_updated_by>
    <sys_updated_on>2019-04-04 10:32:58</sys_updated_on>
    <type display_value="record">record</type>
  </sys_security_acl>
</record_update>
