<?xml version="1.0" encoding="UTF-8"?><record_update table="sys_report_users_groups">
  <sys_report_users_groups action="INSERT_OR_UPDATE">
    <group_id/>
    <report_id display_value="">f1a828080f9833007e1763cda8767e20</report_id>
    <sys_class_name>sys_report_users_groups</sys_class_name>
    <sys_created_by>admin</sys_created_by>
    <sys_created_on>2019-03-15 04:00:36</sys_created_on>
    <sys_id>79a828080f9833007e1763cda8767e20</sys_id>
    <sys_mod_count>0</sys_mod_count>
    <sys_name>f1a828080f9833007e1763cda8767e20</sys_name>
    <sys_package display_value="Hiring Feedback" source="sn_hiring_feedback">817f729837831300a128036973990e47</sys_package>
    <sys_policy/>
    <sys_scope display_value="Hiring Feedback">817f729837831300a128036973990e47</sys_scope>
    <sys_update_name>sys_report_users_groups_79a828080f9833007e1763cda8767e20</sys_update_name>
    <sys_updated_by>admin</sys_updated_by>
    <sys_updated_on>2019-03-15 04:00:36</sys_updated_on>
    <user_id display_value="System Administrator">6816f79cc0a8016401c5a33be04be441</user_id>
  </sys_report_users_groups>
</record_update>
