<?xml version="1.0" encoding="UTF-8"?>
<record_update table="sys_security_acl">
  <sys_security_acl action="INSERT_OR_UPDATE">
    <active>true</active>
    <admin_overrides>true</admin_overrides>
    <advanced>true</advanced>
    <condition/>
    <description>Allow write for interview_type in sn_hiring_feedback_interview, if the ACL script returns true.</description>
    <name>sn_hiring_feedback_interview.interview_type</name>
    <operation display_value="write">write</operation>
    <script><![CDATA[answer = false;
var usersGr = new GlideRecord('sys_user');
usersGr.get(gs.getUserID());
if (gs.hasRole('sn_hiring_feedback.manager') || gs.hasRole('sn_hiring_feedback.recruiter') || (current.isNewRecord()) || (current.getValue('sys_created_by') == usersGr.getValue('user_name'))) {
    answer = true;
}]]></script>
    <sys_class_name>sys_security_acl</sys_class_name>
    <sys_created_by>admin</sys_created_by>
    <sys_created_on>2020-02-10 09:54:34</sys_created_on>
    <sys_id>61b72fb6733640107e88ef66fbf6a749</sys_id>
    <sys_mod_count>6</sys_mod_count>
    <sys_name>sn_hiring_feedback_interview.interview_type</sys_name>
    <sys_package display_value="Hiring Feedback" source="sn_hiring_feedback">817f729837831300a128036973990e47</sys_package>
    <sys_policy/>
    <sys_scope display_value="Hiring Feedback">817f729837831300a128036973990e47</sys_scope>
    <sys_update_name>sys_security_acl_61b72fb6733640107e88ef66fbf6a749</sys_update_name>
    <sys_updated_by>admin</sys_updated_by>
    <sys_updated_on>2020-02-10 10:42:20</sys_updated_on>
    <type display_value="record">record</type>
  </sys_security_acl>
</record_update>
