<?xml version="1.0" encoding="UTF-8"?><record_update table="sysevent_register">
  <sysevent_register action="INSERT_OR_UPDATE">
    <description>Triggers Notification interview_reminder</description>
    <event_name>sn_hiring_feedback.interviewReminder</event_name>
    <fired_by>Scheduled Script Execution - Find Overdue Interviews and Remind UI Action.</fired_by>
    <queue/>
    <suffix>interviewReminder</suffix>
    <sys_class_name>sysevent_register</sys_class_name>
    <sys_created_by>admin</sys_created_by>
    <sys_created_on>2018-07-03 09:05:21</sys_created_on>
    <sys_id>597f148e37431300a128036973990ec4</sys_id>
    <sys_mod_count>3</sys_mod_count>
    <sys_name>sn_hiring_feedback.interviewReminder</sys_name>
    <sys_package display_value="Hiring Feedback" source="sn_hiring_feedback">817f729837831300a128036973990e47</sys_package>
    <sys_policy/>
    <sys_scope display_value="Hiring Feedback">817f729837831300a128036973990e47</sys_scope>
    <sys_update_name>sysevent_register_597f148e37431300a128036973990ec4</sys_update_name>
    <sys_updated_by>admin</sys_updated_by>
    <sys_updated_on>2019-03-20 06:58:42</sys_updated_on>
    <table>sn_hiring_feedback_interview</table>
  </sysevent_register>
</record_update>
