<?xml version="1.0" encoding="UTF-8"?>
<record_update sys_domain="global" table="sysevent_email_action">
  <sysevent_email_action action="INSERT_OR_UPDATE">
    <action_insert>false</action_insert>
    <action_update>false</action_update>
    <active>true</active>
    <advanced_condition/>
    <affected_field_on_event/>
    <category display_value="Uncategorized" name="Uncategorized">c97d83137f4432005f58108c3ffa917a</category>
    <collection>sn_hiring_feedback_event</collection>
    <condition/>
    <content_type>text/html</content_type>
    <default_interval/>
    <description/>
    <digest_from/>
    <digest_html/>
    <digest_reply_to/>
    <digest_separator_html><![CDATA[<p>&nbsp;</p>
<hr />
<p>&nbsp;</p>]]></digest_separator_html>
    <digest_separator_text><![CDATA[\n--------------------------------------------------------------------------------\n]]></digest_separator_text>
    <digest_subject/>
    <digest_template/>
    <digest_text/>
    <digestable>false</digestable>
    <event_name>sn_hiring_feedback.notify_event_members</event_name>
    <event_parm_1>true</event_parm_1>
    <event_parm_2>false</event_parm_2>
    <exclude_delegates>false</exclude_delegates>
    <force_delivery>false</force_delivery>
    <from/>
    <generation_type>event</generation_type>
    <importance/>
    <include_attachments>false</include_attachments>
    <item>event.parm1</item>
    <item_table/>
    <mandatory>false</mandatory>
    <message/>
    <message_html><![CDATA[<p>Hi ${mail_script:get_event_member_name}</p>
<p>You have been added as an interview panelist for the event ${name}${mail_script:get_event_date}${mail_script:get_event_location}.</p>
<p>Thanks</p>
<p>HR Team.</p>
<p>${mail_script:set_from_to_hrteam}</p>]]></message_html>
    <message_list/>
    <message_text/>
    <name>notify_event_members</name>
    <omit_watermark>false</omit_watermark>
    <order>100</order>
    <push_message_only>false</push_message_only>
    <recipient_fields/>
    <recipient_groups/>
    <recipient_users/>
    <reply_to/>
    <send_self>false</send_self>
    <sms_alternate/>
    <style/>
    <subject>Interview Panel for ${name} ${date}</subject>
    <subscribable>false</subscribable>
    <sys_class_name>sysevent_email_action</sys_class_name>
    <sys_created_by>admin</sys_created_by>
    <sys_created_on>2019-04-05 08:56:35</sys_created_on>
    <sys_domain>global</sys_domain>
    <sys_domain_path>/</sys_domain_path>
    <sys_id>1395bd7653a033004dc0ddeeff7b1292</sys_id>
    <sys_mod_count>11</sys_mod_count>
    <sys_name>notify_event_members</sys_name>
    <sys_overrides/>
    <sys_package display_value="Hiring Feedback" source="sn_hiring_feedback">817f729837831300a128036973990e47</sys_package>
    <sys_policy/>
    <sys_scope display_value="Hiring Feedback">817f729837831300a128036973990e47</sys_scope>
    <sys_update_name>sysevent_email_action_1395bd7653a033004dc0ddeeff7b1292</sys_update_name>
    <sys_updated_by>admin</sys_updated_by>
    <sys_updated_on>2020-01-01 13:16:47</sys_updated_on>
    <sys_version>2</sys_version>
    <template display_value="Unsubscribe and Preferences">7ed0481f3b0b2200c869c2c703efc487</template>
    <type>email</type>
    <weight>0</weight>
  </sysevent_email_action>
</record_update>
