<?xml version="1.0" encoding="UTF-8"?><record_update table="sysevent_register">
  <sysevent_register action="INSERT_OR_UPDATE">
    <description>Triggers notification interview_notification</description>
    <event_name>sn_hiring_feedback.interviewInvite</event_name>
    <fired_by>UI Action: Invite</fired_by>
    <queue/>
    <suffix>interviewInvite</suffix>
    <sys_class_name>sysevent_register</sys_class_name>
    <sys_created_by>admin</sys_created_by>
    <sys_created_on>2018-07-12 04:50:30</sys_created_on>
    <sys_id>85acf5b037131300a128036973990e2a</sys_id>
    <sys_mod_count>2</sys_mod_count>
    <sys_name>sn_hiring_feedback.interviewInvite</sys_name>
    <sys_package display_value="Hiring Feedback" source="sn_hiring_feedback">817f729837831300a128036973990e47</sys_package>
    <sys_policy/>
    <sys_scope display_value="Hiring Feedback">817f729837831300a128036973990e47</sys_scope>
    <sys_update_name>sysevent_register_85acf5b037131300a128036973990e2a</sys_update_name>
    <sys_updated_by>admin</sys_updated_by>
    <sys_updated_on>2019-03-20 06:59:01</sys_updated_on>
    <table>sn_hiring_feedback_interview</table>
  </sysevent_register>
</record_update>
