<?xml version="1.0" encoding="UTF-8"?><record_update table="ua_table_licensing_config">
    <ua_table_licensing_config action="INSERT_OR_UPDATE">
        <is_fulfillment>false</is_fulfillment>
        <license_condition/>
        <license_model>none</license_model>
        <license_roles/>
        <name>sn_hiring_feedback_interview</name>
        <op_delete>true</op_delete>
        <op_insert>true</op_insert>
        <op_update>true</op_update>
        <owner_condition/>
        <sys_class_name>ua_table_licensing_config</sys_class_name>
        <sys_created_by>admin</sys_created_by>
        <sys_created_on>2018-06-28 10:15:15</sys_created_on>
        <sys_id>4e668d9c0f3f23007e1763cda8767e13</sys_id>
        <sys_mod_count>0</sys_mod_count>
        <sys_name>sn_hiring_feedback_interview</sys_name>
        <sys_package display_value="Hiring Feedback" source="sn_hiring_feedback">817f729837831300a128036973990e47</sys_package>
        <sys_policy/>
        <sys_scope display_value="Hiring Feedback">817f729837831300a128036973990e47</sys_scope>
        <sys_update_name>ua_table_licensing_config_4e668d9c0f3f23007e1763cda8767e13</sys_update_name>
        <sys_updated_by>admin</sys_updated_by>
        <sys_updated_on>2018-06-28 10:15:15</sys_updated_on>
    </ua_table_licensing_config>
</record_update>
