<?xml version="1.0" encoding="UTF-8"?>
<record_update table="wf_workflow_version">
  <wf_workflow_version action="INSERT_OR_UPDATE">
    <active>true</active>
    <activity_stages>{"activities":{},"stages":{},"subflows":[],"ends":["893ffc5f73ba40107e88ef66fbf6a776"]}</activity_stages>
    <after_business_rules>false</after_business_rules>
    <checked_out/>
    <checked_out_by/>
    <column_renderer display_value="Workflow-driven">a56213111b030100adca1e094f0713ac</column_renderer>
    <condition/>
    <condition_type/>
    <description/>
    <expected_sequences>813fbc5f73ba40107e88ef66fbf6a74d,c93ffc5f73ba40107e88ef66fbf6a775,0d3fbc5f73ba40107e88ef66fbf6a751,013ffc5f73ba40107e88ef66fbf6a774,4d3fbc5f73ba40107e88ef66fbf6a74e</expected_sequences>
    <expected_time>1970-01-01 14:00:00</expected_time>
    <expected_time_type/>
    <full_sequences>813fbc5f73ba40107e88ef66fbf6a74d,c93ffc5f73ba40107e88ef66fbf6a775,0d3fbc5f73ba40107e88ef66fbf6a751,013ffc5f73ba40107e88ef66fbf6a774,4d3fbc5f73ba40107e88ef66fbf6a74e,893ffc5f73ba40107e88ef66fbf6a776</full_sequences>
    <journal/>
    <max_activity_count>100</max_activity_count>
    <name>feedback_reminder</name>
    <not_cacheable>false</not_cacheable>
    <on_cancel><![CDATA[// This script executes if the workflow is cancelled.// The global variable context_sys_id contains the sys_id of the cancelled workflow context.]]></on_cancel>
    <order>100</order>
    <pin_type>set_by_activity</pin_type>
    <published>true</published>
    <relative_duration/>
    <requires_ert>true</requires_ert>
    <run_multiple>false</run_multiple>
    <schedule/>
    <stage_field/>
    <stage_order>computed</stage_order>
    <start display_value="Begin">813fbc5f73ba40107e88ef66fbf6a74d</start>
    <sys_created_by>admin</sys_created_by>
    <sys_created_on>2020-02-11 10:47:30</sys_created_on>
    <sys_id>413fbc5f73ba40107e88ef66fbf6a74b</sys_id>
    <sys_mod_count>5</sys_mod_count>
    <sys_updated_by>admin</sys_updated_by>
    <sys_updated_on>2020-02-11 10:47:55</sys_updated_on>
    <table>sn_hiring_feedback_interview</table>
    <timezone/>
    <validated>false</validated>
    <workflow display_value="feedback_reminder">8913a947730240107e88ef66fbf6a779</workflow>
  </wf_workflow_version>
  <wf_workflow action="INSERT_OR_UPDATE">
    <access>public</access>
    <description/>
    <name>feedback_reminder</name>
    <preview/>
    <sys_class_name>wf_workflow</sys_class_name>
    <sys_created_by>admin</sys_created_by>
    <sys_created_on>2020-01-04 11:58:40</sys_created_on>
    <sys_domain>global</sys_domain>
    <sys_domain_path>/</sys_domain_path>
    <sys_id>8913a947730240107e88ef66fbf6a779</sys_id>
    <sys_mod_count>0</sys_mod_count>
    <sys_name>feedback_reminder</sys_name>
    <sys_overrides/>
    <sys_package display_value="Hiring Feedback" source="sn_hiring_feedback">817f729837831300a128036973990e47</sys_package>
    <sys_policy/>
    <sys_scope display_value="Hiring Feedback">817f729837831300a128036973990e47</sys_scope>
    <sys_update_name>wf_workflow_8913a947730240107e88ef66fbf6a779</sys_update_name>
    <sys_updated_by>admin</sys_updated_by>
    <sys_updated_on>2020-01-04 11:58:40</sys_updated_on>
    <table>sn_hiring_feedback_interview</table>
    <template>false</template>
    <vars/>
  </wf_workflow>
  <wf_activity action="INSERT_OR_UPDATE">
    <activity_definition display_value="Begin">c7a5e32c0a0a0b3a002377c24ed8ea76</activity_definition>
    <activity_definition_updated>false</activity_definition_updated>
    <databus_lookup_id>1</databus_lookup_id>
    <height/>
    <input/>
    <is_parent>false</is_parent>
    <name>Begin</name>
    <new_activity_definition/>
    <notes/>
    <out_of_date>false</out_of_date>
    <parent/>
    <pinned>false</pinned>
    <pinned_version/>
    <stage/>
    <sys_created_by>admin</sys_created_by>
    <sys_created_on>2020-02-11 10:47:31</sys_created_on>
    <sys_id>813fbc5f73ba40107e88ef66fbf6a74d</sys_id>
    <sys_mod_count>0</sys_mod_count>
    <sys_updated_by>admin</sys_updated_by>
    <sys_updated_on>2020-02-11 10:47:31</sys_updated_on>
    <timeout>1970-01-01 00:00:00</timeout>
    <vars/>
    <width>80</width>
    <workflow_version display_value="feedback_reminder">413fbc5f73ba40107e88ef66fbf6a74b</workflow_version>
    <x>20</x>
    <y>20</y>
  </wf_activity>
  <sys_variable_value action="delete_multiple" query="document_key=813fbc5f73ba40107e88ef66fbf6a74d"/>
  <wf_condition action="INSERT_OR_UPDATE">
    <activity display_value="Begin">813fbc5f73ba40107e88ef66fbf6a74d</activity>
    <condition>true</condition>
    <condition_default/>
    <condition_type>standard</condition_type>
    <else_flag>false</else_flag>
    <error>false</error>
    <event>false</event>
    <event_name/>
    <is_positive>true</is_positive>
    <name>Always</name>
    <order>0</order>
    <short_description/>
    <skip_during_generate>false</skip_during_generate>
    <sys_created_by>admin</sys_created_by>
    <sys_created_on>2020-02-11 10:47:31</sys_created_on>
    <sys_id>8d3fbc5f73ba40107e88ef66fbf6a74d</sys_id>
    <sys_mod_count>0</sys_mod_count>
    <sys_updated_by>admin</sys_updated_by>
    <sys_updated_on>2020-02-11 10:47:31</sys_updated_on>
  </wf_condition>
  <wf_activity action="INSERT_OR_UPDATE">
    <activity_definition display_value="If">98f621ca0a0a0b5900f7c291f5e45a0e</activity_definition>
    <activity_definition_updated>false</activity_definition_updated>
    <databus_lookup_id>4</databus_lookup_id>
    <height/>
    <input>{}</input>
    <is_parent>false</is_parent>
    <name>check to send feedback reminder</name>
    <new_activity_definition/>
    <notes/>
    <out_of_date>false</out_of_date>
    <parent/>
    <pinned>false</pinned>
    <pinned_version/>
    <stage/>
    <sys_created_by>admin</sys_created_by>
    <sys_created_on>2020-02-11 10:47:31</sys_created_on>
    <sys_id>013ffc5f73ba40107e88ef66fbf6a774</sys_id>
    <sys_mod_count>1</sys_mod_count>
    <sys_updated_by>admin</sys_updated_by>
    <sys_updated_on>2020-02-11 10:47:48</sys_updated_on>
    <timeout>1970-01-01 00:00:00</timeout>
    <vars/>
    <width/>
    <workflow_version display_value="feedback_reminder">413fbc5f73ba40107e88ef66fbf6a74b</workflow_version>
    <x>552</x>
    <y>188</y>
  </wf_activity>
  <sys_variable_value action="delete_multiple" query="document_key=013ffc5f73ba40107e88ef66fbf6a774"/>
  <sys_variable_value action="INSERT_OR_UPDATE">
    <document>wf_activity</document>
    <document_key>013ffc5f73ba40107e88ef66fbf6a774</document_key>
    <order>300</order>
    <sys_class_name>sys_variable_value</sys_class_name>
    <sys_created_by>admin</sys_created_by>
    <sys_created_on>2020-02-11 10:47:31</sys_created_on>
    <sys_id>0d3ffc5f73ba40107e88ef66fbf6a774</sys_id>
    <sys_mod_count>1</sys_mod_count>
    <sys_updated_by>admin</sys_updated_by>
    <sys_updated_on>2020-02-11 10:47:49</sys_updated_on>
    <value>// This script needs to set answer to 'yes' or 'no' to indicate the state of the activity.&#13;
function sendReminder() {&#13;
    var numberOfCompetencies = current.job.job_role.number_of_competencies;&#13;
    var send = true;&#13;
    for (var i = 1; i &lt;= numberOfCompetencies; i++) {&#13;
        send = send &amp;&amp; (current['skill' + i] == "");&#13;
    }&#13;
    send = send &amp;&amp; current.overall_comments == "" &amp;&amp; current.next_interviewer_notes == "";&#13;
    return send;&#13;
}&#13;
if (workflow.scratchpad.count == 3) {&#13;
    answer = 'no';&#13;
} else {&#13;
    if (current.status == 'no_show') {&#13;
        answer = 'no';&#13;
    } else if (current.status == 'pending') {&#13;
        answer = 'yes';&#13;
    } else if (sendReminder()) {&#13;
        answer = 'yes';&#13;
    } else {&#13;
        answer = 'no';&#13;
    }&#13;
}</value>
    <variable display_value="">c35e50810a0a0ba96248a709b450fc32</variable>
  </sys_variable_value>
  <sys_variable_value action="INSERT_OR_UPDATE">
    <document>wf_activity</document>
    <document_key>013ffc5f73ba40107e88ef66fbf6a774</document_key>
    <order>200</order>
    <sys_class_name>sys_variable_value</sys_class_name>
    <sys_created_by>admin</sys_created_by>
    <sys_created_on>2020-02-11 10:47:31</sys_created_on>
    <sys_id>493ffc5f73ba40107e88ef66fbf6a774</sys_id>
    <sys_mod_count>0</sys_mod_count>
    <sys_updated_by>admin</sys_updated_by>
    <sys_updated_on>2020-02-11 10:47:31</sys_updated_on>
    <value>1</value>
    <variable display_value="">493d2c1d0a6a803f3217a75738ea3289</variable>
  </sys_variable_value>
  <sys_variable_value action="INSERT_OR_UPDATE">
    <document>wf_activity</document>
    <document_key>013ffc5f73ba40107e88ef66fbf6a774</document_key>
    <order>100</order>
    <sys_class_name>sys_variable_value</sys_class_name>
    <sys_created_by>admin</sys_created_by>
    <sys_created_on>2020-02-11 10:47:31</sys_created_on>
    <sys_id>853ffc5f73ba40107e88ef66fbf6a774</sys_id>
    <sys_mod_count>0</sys_mod_count>
    <sys_updated_by>admin</sys_updated_by>
    <sys_updated_on>2020-02-11 10:47:31</sys_updated_on>
    <value/>
    <variable display_value="">493cba6a0a6a803f07df24b118473551</variable>
  </sys_variable_value>
  <sys_variable_value action="INSERT_OR_UPDATE">
    <document>wf_activity</document>
    <document_key>013ffc5f73ba40107e88ef66fbf6a774</document_key>
    <order>100</order>
    <sys_class_name>sys_variable_value</sys_class_name>
    <sys_created_by>admin</sys_created_by>
    <sys_created_on>2020-02-11 10:47:31</sys_created_on>
    <sys_id>853ffc5f73ba40107e88ef66fbf6a774</sys_id>
    <sys_mod_count>0</sys_mod_count>
    <sys_updated_by>admin</sys_updated_by>
    <sys_updated_on>2020-02-11 10:47:31</sys_updated_on>
    <value/>
    <variable display_value="">493cba6a0a6a803f07df24b118473551</variable>
  </sys_variable_value>
  <sys_variable_value action="INSERT_OR_UPDATE">
    <document>wf_activity</document>
    <document_key>013ffc5f73ba40107e88ef66fbf6a774</document_key>
    <order>200</order>
    <sys_class_name>sys_variable_value</sys_class_name>
    <sys_created_by>admin</sys_created_by>
    <sys_created_on>2020-02-11 10:47:31</sys_created_on>
    <sys_id>493ffc5f73ba40107e88ef66fbf6a774</sys_id>
    <sys_mod_count>0</sys_mod_count>
    <sys_updated_by>admin</sys_updated_by>
    <sys_updated_on>2020-02-11 10:47:31</sys_updated_on>
    <value>1</value>
    <variable display_value="">493d2c1d0a6a803f3217a75738ea3289</variable>
  </sys_variable_value>
  <sys_variable_value action="INSERT_OR_UPDATE">
    <document>wf_activity</document>
    <document_key>013ffc5f73ba40107e88ef66fbf6a774</document_key>
    <order>300</order>
    <sys_class_name>sys_variable_value</sys_class_name>
    <sys_created_by>admin</sys_created_by>
    <sys_created_on>2020-02-11 10:47:31</sys_created_on>
    <sys_id>0d3ffc5f73ba40107e88ef66fbf6a774</sys_id>
    <sys_mod_count>1</sys_mod_count>
    <sys_updated_by>admin</sys_updated_by>
    <sys_updated_on>2020-02-11 10:47:49</sys_updated_on>
    <value>// This script needs to set answer to 'yes' or 'no' to indicate the state of the activity.&#13;
function sendReminder() {&#13;
    var numberOfCompetencies = current.job.job_role.number_of_competencies;&#13;
    var send = true;&#13;
    for (var i = 1; i &lt;= numberOfCompetencies; i++) {&#13;
        send = send &amp;&amp; (current['skill' + i] == "");&#13;
    }&#13;
    send = send &amp;&amp; current.overall_comments == "" &amp;&amp; current.next_interviewer_notes == "";&#13;
    return send;&#13;
}&#13;
if (workflow.scratchpad.count == 3) {&#13;
    answer = 'no';&#13;
} else {&#13;
    if (current.status == 'no_show') {&#13;
        answer = 'no';&#13;
    } else if (current.status == 'pending') {&#13;
        answer = 'yes';&#13;
    } else if (sendReminder()) {&#13;
        answer = 'yes';&#13;
    } else {&#13;
        answer = 'no';&#13;
    }&#13;
}</value>
    <variable display_value="">c35e50810a0a0ba96248a709b450fc32</variable>
  </sys_variable_value>
  <wf_condition action="INSERT_OR_UPDATE">
    <activity display_value="check to send feedback reminder">013ffc5f73ba40107e88ef66fbf6a774</activity>
    <condition>activity.result == 'no'</condition>
    <condition_default display_value="No">c1eff6430a0a0b59000f955abe842c94</condition_default>
    <condition_type>standard</condition_type>
    <else_flag>false</else_flag>
    <error>false</error>
    <event>false</event>
    <event_name/>
    <is_positive>false</is_positive>
    <name>No</name>
    <order>200</order>
    <short_description/>
    <skip_during_generate>true</skip_during_generate>
    <sys_created_by>admin</sys_created_by>
    <sys_created_on>2020-02-11 10:47:31</sys_created_on>
    <sys_id>813ffc5f73ba40107e88ef66fbf6a775</sys_id>
    <sys_mod_count>0</sys_mod_count>
    <sys_updated_by>admin</sys_updated_by>
    <sys_updated_on>2020-02-11 10:47:31</sys_updated_on>
  </wf_condition>
  <wf_condition action="INSERT_OR_UPDATE">
    <activity display_value="check to send feedback reminder">013ffc5f73ba40107e88ef66fbf6a774</activity>
    <condition>activity.result == 'yes'</condition>
    <condition_default display_value="Yes">c1ef63200a0a0b59005ef89bae78feb7</condition_default>
    <condition_type>standard</condition_type>
    <else_flag>false</else_flag>
    <error>false</error>
    <event>false</event>
    <event_name/>
    <is_positive>true</is_positive>
    <name>Yes</name>
    <order>100</order>
    <short_description/>
    <skip_during_generate>false</skip_during_generate>
    <sys_created_by>admin</sys_created_by>
    <sys_created_on>2020-02-11 10:47:31</sys_created_on>
    <sys_id>053ffc5f73ba40107e88ef66fbf6a775</sys_id>
    <sys_mod_count>0</sys_mod_count>
    <sys_updated_by>admin</sys_updated_by>
    <sys_updated_on>2020-02-11 10:47:31</sys_updated_on>
  </wf_condition>
  <wf_activity action="INSERT_OR_UPDATE">
    <activity_definition display_value="End">c7a66f7d0a0a0b3a004544a6d2f14076</activity_definition>
    <activity_definition_updated>false</activity_definition_updated>
    <databus_lookup_id>2</databus_lookup_id>
    <height/>
    <input/>
    <is_parent>false</is_parent>
    <name>End</name>
    <new_activity_definition/>
    <notes/>
    <out_of_date>false</out_of_date>
    <parent/>
    <pinned>false</pinned>
    <pinned_version/>
    <stage/>
    <sys_created_by>admin</sys_created_by>
    <sys_created_on>2020-02-11 10:47:31</sys_created_on>
    <sys_id>893ffc5f73ba40107e88ef66fbf6a776</sys_id>
    <sys_mod_count>0</sys_mod_count>
    <sys_updated_by>admin</sys_updated_by>
    <sys_updated_on>2020-02-11 10:47:31</sys_updated_on>
    <timeout>1970-01-01 00:00:00</timeout>
    <vars/>
    <width>80</width>
    <workflow_version display_value="feedback_reminder">413fbc5f73ba40107e88ef66fbf6a74b</workflow_version>
    <x>794</x>
    <y>426</y>
  </wf_activity>
  <sys_variable_value action="delete_multiple" query="document_key=893ffc5f73ba40107e88ef66fbf6a776"/>
  <wf_activity action="INSERT_OR_UPDATE">
    <activity_definition display_value="Run Script">db8c65aec0a8016501d00259bc7203a4</activity_definition>
    <activity_definition_updated>false</activity_definition_updated>
    <databus_lookup_id>5</databus_lookup_id>
    <height/>
    <input>{}</input>
    <is_parent>false</is_parent>
    <name>send feedback reminder</name>
    <new_activity_definition/>
    <notes/>
    <out_of_date>false</out_of_date>
    <parent/>
    <pinned>false</pinned>
    <pinned_version/>
    <stage/>
    <sys_created_by>admin</sys_created_by>
    <sys_created_on>2020-02-11 10:47:31</sys_created_on>
    <sys_id>4d3fbc5f73ba40107e88ef66fbf6a74e</sys_id>
    <sys_mod_count>0</sys_mod_count>
    <sys_updated_by>admin</sys_updated_by>
    <sys_updated_on>2020-02-11 10:47:31</sys_updated_on>
    <timeout>1970-01-01 00:00:00</timeout>
    <vars/>
    <width/>
    <workflow_version display_value="feedback_reminder">413fbc5f73ba40107e88ef66fbf6a74b</workflow_version>
    <x>845</x>
    <y>237</y>
  </wf_activity>
  <sys_variable_value action="delete_multiple" query="document_key=4d3fbc5f73ba40107e88ef66fbf6a74e"/>
  <sys_variable_value action="INSERT_OR_UPDATE">
    <document>wf_activity</document>
    <document_key>4d3fbc5f73ba40107e88ef66fbf6a74e</document_key>
    <order>1</order>
    <sys_class_name>sys_variable_value</sys_class_name>
    <sys_created_by>admin</sys_created_by>
    <sys_created_on>2020-02-11 10:47:31</sys_created_on>
    <sys_id>c13fbc5f73ba40107e88ef66fbf6a74f</sys_id>
    <sys_mod_count>0</sys_mod_count>
    <sys_updated_by>admin</sys_updated_by>
    <sys_updated_on>2020-02-11 10:47:31</sys_updated_on>
    <value>gs.eventQueue('sn_hiring_feedback.remindFeedback', current, current.getUniqueValue(), current.interviewer_email);</value>
    <variable display_value="">c35ddef20a0a0ba96248a7090eccd518</variable>
  </sys_variable_value>
  <sys_variable_value action="INSERT_OR_UPDATE">
    <document>wf_activity</document>
    <document_key>4d3fbc5f73ba40107e88ef66fbf6a74e</document_key>
    <order>1</order>
    <sys_class_name>sys_variable_value</sys_class_name>
    <sys_created_by>admin</sys_created_by>
    <sys_created_on>2020-02-11 10:47:31</sys_created_on>
    <sys_id>c13fbc5f73ba40107e88ef66fbf6a74f</sys_id>
    <sys_mod_count>0</sys_mod_count>
    <sys_updated_by>admin</sys_updated_by>
    <sys_updated_on>2020-02-11 10:47:31</sys_updated_on>
    <value>gs.eventQueue('sn_hiring_feedback.remindFeedback', current, current.getUniqueValue(), current.interviewer_email);</value>
    <variable display_value="">c35ddef20a0a0ba96248a7090eccd518</variable>
  </sys_variable_value>
  <wf_condition action="INSERT_OR_UPDATE">
    <activity display_value="send feedback reminder">4d3fbc5f73ba40107e88ef66fbf6a74e</activity>
    <condition>true</condition>
    <condition_default/>
    <condition_type>standard</condition_type>
    <else_flag>false</else_flag>
    <error>false</error>
    <event>false</event>
    <event_name/>
    <is_positive>true</is_positive>
    <name>Always</name>
    <order>0</order>
    <short_description/>
    <skip_during_generate>false</skip_during_generate>
    <sys_created_by>admin</sys_created_by>
    <sys_created_on>2020-02-11 10:47:31</sys_created_on>
    <sys_id>013fbc5f73ba40107e88ef66fbf6a750</sys_id>
    <sys_mod_count>0</sys_mod_count>
    <sys_updated_by>admin</sys_updated_by>
    <sys_updated_on>2020-02-11 10:47:31</sys_updated_on>
  </wf_condition>
  <wf_activity action="INSERT_OR_UPDATE">
    <activity_definition display_value="Run Script">db8c65aec0a8016501d00259bc7203a4</activity_definition>
    <activity_definition_updated>false</activity_definition_updated>
    <databus_lookup_id>6</databus_lookup_id>
    <height/>
    <input>{}</input>
    <is_parent>false</is_parent>
    <name>variable declaration</name>
    <new_activity_definition/>
    <notes/>
    <out_of_date>false</out_of_date>
    <parent/>
    <pinned>false</pinned>
    <pinned_version/>
    <stage/>
    <sys_created_by>admin</sys_created_by>
    <sys_created_on>2020-02-11 10:47:31</sys_created_on>
    <sys_id>c93ffc5f73ba40107e88ef66fbf6a775</sys_id>
    <sys_mod_count>0</sys_mod_count>
    <sys_updated_by>admin</sys_updated_by>
    <sys_updated_on>2020-02-11 10:47:31</sys_updated_on>
    <timeout>1970-01-01 00:00:00</timeout>
    <vars/>
    <width/>
    <workflow_version display_value="feedback_reminder">413fbc5f73ba40107e88ef66fbf6a74b</workflow_version>
    <x>150</x>
    <y>50</y>
  </wf_activity>
  <sys_variable_value action="delete_multiple" query="document_key=c93ffc5f73ba40107e88ef66fbf6a775"/>
  <sys_variable_value action="INSERT_OR_UPDATE">
    <document>wf_activity</document>
    <document_key>c93ffc5f73ba40107e88ef66fbf6a775</document_key>
    <order>1</order>
    <sys_class_name>sys_variable_value</sys_class_name>
    <sys_created_by>admin</sys_created_by>
    <sys_created_on>2020-02-11 10:47:31</sys_created_on>
    <sys_id>4d3ffc5f73ba40107e88ef66fbf6a775</sys_id>
    <sys_mod_count>0</sys_mod_count>
    <sys_updated_by>admin</sys_updated_by>
    <sys_updated_on>2020-02-11 10:47:31</sys_updated_on>
    <value>workflow.scratchpad.count = 0;</value>
    <variable display_value="">c35ddef20a0a0ba96248a7090eccd518</variable>
  </sys_variable_value>
  <sys_variable_value action="INSERT_OR_UPDATE">
    <document>wf_activity</document>
    <document_key>c93ffc5f73ba40107e88ef66fbf6a775</document_key>
    <order>1</order>
    <sys_class_name>sys_variable_value</sys_class_name>
    <sys_created_by>admin</sys_created_by>
    <sys_created_on>2020-02-11 10:47:31</sys_created_on>
    <sys_id>4d3ffc5f73ba40107e88ef66fbf6a775</sys_id>
    <sys_mod_count>0</sys_mod_count>
    <sys_updated_by>admin</sys_updated_by>
    <sys_updated_on>2020-02-11 10:47:31</sys_updated_on>
    <value>workflow.scratchpad.count = 0;</value>
    <variable display_value="">c35ddef20a0a0ba96248a7090eccd518</variable>
  </sys_variable_value>
  <wf_condition action="INSERT_OR_UPDATE">
    <activity display_value="variable declaration">c93ffc5f73ba40107e88ef66fbf6a775</activity>
    <condition>true</condition>
    <condition_default/>
    <condition_type>standard</condition_type>
    <else_flag>false</else_flag>
    <error>false</error>
    <event>false</event>
    <event_name/>
    <is_positive>true</is_positive>
    <name>Always</name>
    <order>0</order>
    <short_description/>
    <skip_during_generate>false</skip_during_generate>
    <sys_created_by>admin</sys_created_by>
    <sys_created_on>2020-02-11 10:47:31</sys_created_on>
    <sys_id>413ffc5f73ba40107e88ef66fbf6a776</sys_id>
    <sys_mod_count>0</sys_mod_count>
    <sys_updated_by>admin</sys_updated_by>
    <sys_updated_on>2020-02-11 10:47:31</sys_updated_on>
  </wf_condition>
  <wf_activity action="INSERT_OR_UPDATE">
    <activity_definition display_value="Timer">3961a1da0a0a0b5c00ecd84822f70d85</activity_definition>
    <activity_definition_updated>false</activity_definition_updated>
    <databus_lookup_id>3</databus_lookup_id>
    <height/>
    <input>{}</input>
    <is_parent>false</is_parent>
    <name>wait till next check</name>
    <new_activity_definition/>
    <notes/>
    <out_of_date>false</out_of_date>
    <parent/>
    <pinned>false</pinned>
    <pinned_version/>
    <stage/>
    <sys_created_by>admin</sys_created_by>
    <sys_created_on>2020-02-11 10:47:31</sys_created_on>
    <sys_id>0d3fbc5f73ba40107e88ef66fbf6a751</sys_id>
    <sys_mod_count>0</sys_mod_count>
    <sys_updated_by>admin</sys_updated_by>
    <sys_updated_on>2020-02-11 10:47:31</sys_updated_on>
    <timeout>1970-01-01 00:00:00</timeout>
    <vars/>
    <width/>
    <workflow_version display_value="feedback_reminder">413fbc5f73ba40107e88ef66fbf6a74b</workflow_version>
    <x>373</x>
    <y>51</y>
  </wf_activity>
  <sys_variable_value action="delete_multiple" query="document_key=0d3fbc5f73ba40107e88ef66fbf6a751"/>
  <sys_variable_value action="INSERT_OR_UPDATE">
    <document>wf_activity</document>
    <document_key>0d3fbc5f73ba40107e88ef66fbf6a751</document_key>
    <order>1310</order>
    <sys_class_name>sys_variable_value</sys_class_name>
    <sys_created_by>admin</sys_created_by>
    <sys_created_on>2020-02-11 10:47:31</sys_created_on>
    <sys_id>053fbc5f73ba40107e88ef66fbf6a753</sys_id>
    <sys_mod_count>0</sys_mod_count>
    <sys_updated_by>admin</sys_updated_by>
    <sys_updated_on>2020-02-11 10:47:31</sys_updated_on>
    <value>3bf802c20a0a0b52008e2859cd8abcf2</value>
    <variable display_value="">220cd53d0a0a0b214103bdc2ec5c7ab4</variable>
  </sys_variable_value>
  <sys_variable_value action="INSERT_OR_UPDATE">
    <document>wf_activity</document>
    <document_key>0d3fbc5f73ba40107e88ef66fbf6a751</document_key>
    <order>1320</order>
    <sys_class_name>sys_variable_value</sys_class_name>
    <sys_created_by>admin</sys_created_by>
    <sys_created_on>2020-02-11 10:47:31</sys_created_on>
    <sys_id>053ffc5f73ba40107e88ef66fbf6a772</sys_id>
    <sys_mod_count>0</sys_mod_count>
    <sys_updated_by>admin</sys_updated_by>
    <sys_updated_on>2020-02-11 10:47:31</sys_updated_on>
    <value/>
    <variable display_value="">4cc6788c0a0a0b5200e6743c94001b16</variable>
  </sys_variable_value>
  <sys_variable_value action="INSERT_OR_UPDATE">
    <document>wf_activity</document>
    <document_key>0d3fbc5f73ba40107e88ef66fbf6a751</document_key>
    <order>1350</order>
    <sys_class_name>sys_variable_value</sys_class_name>
    <sys_created_by>admin</sys_created_by>
    <sys_created_on>2020-02-11 10:47:31</sys_created_on>
    <sys_id>093fbc5f73ba40107e88ef66fbf6a752</sys_id>
    <sys_mod_count>0</sys_mod_count>
    <sys_updated_by>admin</sys_updated_by>
    <sys_updated_on>2020-02-11 10:47:31</sys_updated_on>
    <value/>
    <variable display_value="">4cc836da0a0a0b520083ebc07da2f47c</variable>
  </sys_variable_value>
  <sys_variable_value action="INSERT_OR_UPDATE">
    <document>wf_activity</document>
    <document_key>0d3fbc5f73ba40107e88ef66fbf6a751</document_key>
    <order>1310</order>
    <sys_class_name>sys_variable_value</sys_class_name>
    <sys_created_by>admin</sys_created_by>
    <sys_created_on>2020-02-11 10:47:31</sys_created_on>
    <sys_id>413fbc5f73ba40107e88ef66fbf6a753</sys_id>
    <sys_mod_count>0</sys_mod_count>
    <sys_updated_by>admin</sys_updated_by>
    <sys_updated_on>2020-02-11 10:47:31</sys_updated_on>
    <value/>
    <variable display_value="">c35dc0df0a0a0ba96248a7098d737925</variable>
  </sys_variable_value>
  <sys_variable_value action="INSERT_OR_UPDATE">
    <document>wf_activity</document>
    <document_key>0d3fbc5f73ba40107e88ef66fbf6a751</document_key>
    <order>1320</order>
    <sys_class_name>sys_variable_value</sys_class_name>
    <sys_created_by>admin</sys_created_by>
    <sys_created_on>2020-02-11 10:47:31</sys_created_on>
    <sys_id>413ffc5f73ba40107e88ef66fbf6a772</sys_id>
    <sys_mod_count>0</sys_mod_count>
    <sys_updated_by>admin</sys_updated_by>
    <sys_updated_on>2020-02-11 10:47:31</sys_updated_on>
    <value/>
    <variable display_value="">4cc4a4030a0a0b52007334f001376dc5</variable>
  </sys_variable_value>
  <sys_variable_value action="INSERT_OR_UPDATE">
    <document>wf_activity</document>
    <document_key>0d3fbc5f73ba40107e88ef66fbf6a751</document_key>
    <order>500</order>
    <sys_class_name>sys_variable_value</sys_class_name>
    <sys_created_by>admin</sys_created_by>
    <sys_created_on>2020-02-11 10:47:31</sys_created_on>
    <sys_id>453fbc5f73ba40107e88ef66fbf6a752</sys_id>
    <sys_mod_count>0</sys_mod_count>
    <sys_updated_by>admin</sys_updated_by>
    <sys_updated_on>2020-02-11 10:47:31</sys_updated_on>
    <value/>
    <variable display_value="">220dc5a40a0a0b2109fbd28b8c4b6213</variable>
  </sys_variable_value>
  <sys_variable_value action="INSERT_OR_UPDATE">
    <document>wf_activity</document>
    <document_key>0d3fbc5f73ba40107e88ef66fbf6a751</document_key>
    <order>1350</order>
    <sys_class_name>sys_variable_value</sys_class_name>
    <sys_created_by>admin</sys_created_by>
    <sys_created_on>2020-02-11 10:47:31</sys_created_on>
    <sys_id>4d3ffc5f73ba40107e88ef66fbf6a772</sys_id>
    <sys_mod_count>0</sys_mod_count>
    <sys_updated_by>admin</sys_updated_by>
    <sys_updated_on>2020-02-11 10:47:31</sys_updated_on>
    <value/>
    <variable display_value="">4cc740fe0a0a0b520025dcf8e2ff78e7</variable>
  </sys_variable_value>
  <sys_variable_value action="INSERT_OR_UPDATE">
    <document>wf_activity</document>
    <document_key>0d3fbc5f73ba40107e88ef66fbf6a751</document_key>
    <order>320</order>
    <sys_class_name>sys_variable_value</sys_class_name>
    <sys_created_by>admin</sys_created_by>
    <sys_created_on>2020-02-11 10:47:31</sys_created_on>
    <sys_id>813fbc5f73ba40107e88ef66fbf6a752</sys_id>
    <sys_mod_count>0</sys_mod_count>
    <sys_updated_by>admin</sys_updated_by>
    <sys_updated_on>2020-02-11 10:47:31</sys_updated_on>
    <value/>
    <variable display_value="">4cba34da0a0a0b5200798c86eafe1203</variable>
  </sys_variable_value>
  <sys_variable_value action="INSERT_OR_UPDATE">
    <document>wf_activity</document>
    <document_key>0d3fbc5f73ba40107e88ef66fbf6a751</document_key>
    <order>310</order>
    <sys_class_name>sys_variable_value</sys_class_name>
    <sys_created_by>admin</sys_created_by>
    <sys_created_on>2020-02-11 10:47:31</sys_created_on>
    <sys_id>893ffc5f73ba40107e88ef66fbf6a772</sys_id>
    <sys_mod_count>0</sys_mod_count>
    <sys_updated_by>admin</sys_updated_by>
    <sys_updated_on>2020-02-11 10:47:31</sys_updated_on>
    <value>script</value>
    <variable display_value="">21f80cd00a0a0b2101fcd5b5defc0810</variable>
  </sys_variable_value>
  <sys_variable_value action="INSERT_OR_UPDATE">
    <document>wf_activity</document>
    <document_key>0d3fbc5f73ba40107e88ef66fbf6a751</document_key>
    <order>3000</order>
    <sys_class_name>sys_variable_value</sys_class_name>
    <sys_created_by>admin</sys_created_by>
    <sys_created_on>2020-02-11 10:47:31</sys_created_on>
    <sys_id>8d3fbc5f73ba40107e88ef66fbf6a752</sys_id>
    <sys_mod_count>0</sys_mod_count>
    <sys_updated_by>admin</sys_updated_by>
    <sys_updated_on>2020-02-11 10:47:31</sys_updated_on>
    <value>// Set 'answer' to the number of seconds this timer should wait&#13;
if (workflow.scratchpad.count == 0) {&#13;
    var gdt = new GlideDateTime();&#13;
    var currenttime = gdt.getNumericValue();&#13;
    gdt.setValue(current.start_time);&#13;
    var interviewtime = gdt.getNumericValue();&#13;
    var twelvehours = 43200000;&#13;
    answer = (interviewtime + twelvehours) - currenttime;&#13;
    answer = answer / 1000;&#13;
    workflow.scratchpad.count = 1;&#13;
} else if (workflow.scratchpad.count == 1) {&#13;
    answer = 86400;&#13;
    workflow.scratchpad.count = 2;&#13;
} else {&#13;
    answer = 172800;&#13;
    workflow.scratchpad.count = 3;&#13;
}</value>
    <variable display_value="">293493710a0a0b2115e3e5b4fce1d12a</variable>
  </sys_variable_value>
  <sys_variable_value action="INSERT_OR_UPDATE">
    <document>wf_activity</document>
    <document_key>0d3fbc5f73ba40107e88ef66fbf6a751</document_key>
    <order>1360</order>
    <sys_class_name>sys_variable_value</sys_class_name>
    <sys_created_by>admin</sys_created_by>
    <sys_created_on>2020-02-11 10:47:31</sys_created_on>
    <sys_id>8d3ffc5f73ba40107e88ef66fbf6a771</sys_id>
    <sys_mod_count>0</sys_mod_count>
    <sys_updated_by>admin</sys_updated_by>
    <sys_updated_on>2020-02-11 10:47:31</sys_updated_on>
    <value/>
    <variable display_value="">292b2f0e0a0a0b215aa2dd2cbc578dc5</variable>
  </sys_variable_value>
  <sys_variable_value action="INSERT_OR_UPDATE">
    <document>wf_activity</document>
    <document_key>0d3fbc5f73ba40107e88ef66fbf6a751</document_key>
    <order>1310</order>
    <sys_class_name>sys_variable_value</sys_class_name>
    <sys_created_by>admin</sys_created_by>
    <sys_created_on>2020-02-11 10:47:31</sys_created_on>
    <sys_id>c53fbc5f73ba40107e88ef66fbf6a753</sys_id>
    <sys_mod_count>0</sys_mod_count>
    <sys_updated_by>admin</sys_updated_by>
    <sys_updated_on>2020-02-11 10:47:31</sys_updated_on>
    <value/>
    <variable display_value="">21fd462c0a0a0b211c997276d7806c03</variable>
  </sys_variable_value>
  <sys_variable_value action="INSERT_OR_UPDATE">
    <document>wf_activity</document>
    <document_key>0d3fbc5f73ba40107e88ef66fbf6a751</document_key>
    <order>1360</order>
    <sys_class_name>sys_variable_value</sys_class_name>
    <sys_created_by>admin</sys_created_by>
    <sys_created_on>2020-02-11 10:47:31</sys_created_on>
    <sys_id>c53ffc5f73ba40107e88ef66fbf6a772</sys_id>
    <sys_mod_count>0</sys_mod_count>
    <sys_updated_by>admin</sys_updated_by>
    <sys_updated_on>2020-02-11 10:47:31</sys_updated_on>
    <value/>
    <variable display_value="">292c91070a0a0b212543d91ffde5014c</variable>
  </sys_variable_value>
  <sys_variable_value action="INSERT_OR_UPDATE">
    <document>wf_activity</document>
    <document_key>0d3fbc5f73ba40107e88ef66fbf6a751</document_key>
    <order>350</order>
    <sys_class_name>sys_variable_value</sys_class_name>
    <sys_created_by>admin</sys_created_by>
    <sys_created_on>2020-02-11 10:47:31</sys_created_on>
    <sys_id>c93fbc5f73ba40107e88ef66fbf6a752</sys_id>
    <sys_mod_count>0</sys_mod_count>
    <sys_updated_by>admin</sys_updated_by>
    <sys_updated_on>2020-02-11 10:47:31</sys_updated_on>
    <value/>
    <variable display_value="">4cbfe48a0a0a0b5200cf8b82cc6685f1</variable>
  </sys_variable_value>
  <sys_variable_value action="INSERT_OR_UPDATE">
    <document>wf_activity</document>
    <document_key>0d3fbc5f73ba40107e88ef66fbf6a751</document_key>
    <order>1360</order>
    <sys_class_name>sys_variable_value</sys_class_name>
    <sys_created_by>admin</sys_created_by>
    <sys_created_on>2020-02-11 10:47:31</sys_created_on>
    <sys_id>c93ffc5f73ba40107e88ef66fbf6a771</sys_id>
    <sys_mod_count>0</sys_mod_count>
    <sys_updated_by>admin</sys_updated_by>
    <sys_updated_on>2020-02-11 10:47:31</sys_updated_on>
    <value/>
    <variable display_value="">292bd15e0a0a0b215a040c701033e3c5</variable>
  </sys_variable_value>
  <sys_variable_value action="INSERT_OR_UPDATE">
    <document>wf_activity</document>
    <document_key>0d3fbc5f73ba40107e88ef66fbf6a751</document_key>
    <order>310</order>
    <sys_class_name>sys_variable_value</sys_class_name>
    <sys_created_by>admin</sys_created_by>
    <sys_created_on>2020-02-11 10:47:31</sys_created_on>
    <sys_id>893ffc5f73ba40107e88ef66fbf6a772</sys_id>
    <sys_mod_count>0</sys_mod_count>
    <sys_updated_by>admin</sys_updated_by>
    <sys_updated_on>2020-02-11 10:47:31</sys_updated_on>
    <value>script</value>
    <variable display_value="">21f80cd00a0a0b2101fcd5b5defc0810</variable>
  </sys_variable_value>
  <sys_variable_value action="INSERT_OR_UPDATE">
    <document>wf_activity</document>
    <document_key>0d3fbc5f73ba40107e88ef66fbf6a751</document_key>
    <order>320</order>
    <sys_class_name>sys_variable_value</sys_class_name>
    <sys_created_by>admin</sys_created_by>
    <sys_created_on>2020-02-11 10:47:31</sys_created_on>
    <sys_id>813fbc5f73ba40107e88ef66fbf6a752</sys_id>
    <sys_mod_count>0</sys_mod_count>
    <sys_updated_by>admin</sys_updated_by>
    <sys_updated_on>2020-02-11 10:47:31</sys_updated_on>
    <value/>
    <variable display_value="">4cba34da0a0a0b5200798c86eafe1203</variable>
  </sys_variable_value>
  <sys_variable_value action="INSERT_OR_UPDATE">
    <document>wf_activity</document>
    <document_key>0d3fbc5f73ba40107e88ef66fbf6a751</document_key>
    <order>350</order>
    <sys_class_name>sys_variable_value</sys_class_name>
    <sys_created_by>admin</sys_created_by>
    <sys_created_on>2020-02-11 10:47:31</sys_created_on>
    <sys_id>c93fbc5f73ba40107e88ef66fbf6a752</sys_id>
    <sys_mod_count>0</sys_mod_count>
    <sys_updated_by>admin</sys_updated_by>
    <sys_updated_on>2020-02-11 10:47:31</sys_updated_on>
    <value/>
    <variable display_value="">4cbfe48a0a0a0b5200cf8b82cc6685f1</variable>
  </sys_variable_value>
  <sys_variable_value action="INSERT_OR_UPDATE">
    <document>wf_activity</document>
    <document_key>0d3fbc5f73ba40107e88ef66fbf6a751</document_key>
    <order>500</order>
    <sys_class_name>sys_variable_value</sys_class_name>
    <sys_created_by>admin</sys_created_by>
    <sys_created_on>2020-02-11 10:47:31</sys_created_on>
    <sys_id>453fbc5f73ba40107e88ef66fbf6a752</sys_id>
    <sys_mod_count>0</sys_mod_count>
    <sys_updated_by>admin</sys_updated_by>
    <sys_updated_on>2020-02-11 10:47:31</sys_updated_on>
    <value/>
    <variable display_value="">220dc5a40a0a0b2109fbd28b8c4b6213</variable>
  </sys_variable_value>
  <sys_variable_value action="INSERT_OR_UPDATE">
    <document>wf_activity</document>
    <document_key>0d3fbc5f73ba40107e88ef66fbf6a751</document_key>
    <order>1310</order>
    <sys_class_name>sys_variable_value</sys_class_name>
    <sys_created_by>admin</sys_created_by>
    <sys_created_on>2020-02-11 10:47:31</sys_created_on>
    <sys_id>c53fbc5f73ba40107e88ef66fbf6a753</sys_id>
    <sys_mod_count>0</sys_mod_count>
    <sys_updated_by>admin</sys_updated_by>
    <sys_updated_on>2020-02-11 10:47:31</sys_updated_on>
    <value/>
    <variable display_value="">21fd462c0a0a0b211c997276d7806c03</variable>
  </sys_variable_value>
  <sys_variable_value action="INSERT_OR_UPDATE">
    <document>wf_activity</document>
    <document_key>0d3fbc5f73ba40107e88ef66fbf6a751</document_key>
    <order>1310</order>
    <sys_class_name>sys_variable_value</sys_class_name>
    <sys_created_by>admin</sys_created_by>
    <sys_created_on>2020-02-11 10:47:31</sys_created_on>
    <sys_id>053fbc5f73ba40107e88ef66fbf6a753</sys_id>
    <sys_mod_count>0</sys_mod_count>
    <sys_updated_by>admin</sys_updated_by>
    <sys_updated_on>2020-02-11 10:47:31</sys_updated_on>
    <value>3bf802c20a0a0b52008e2859cd8abcf2</value>
    <variable display_value="">220cd53d0a0a0b214103bdc2ec5c7ab4</variable>
  </sys_variable_value>
  <sys_variable_value action="INSERT_OR_UPDATE">
    <document>wf_activity</document>
    <document_key>0d3fbc5f73ba40107e88ef66fbf6a751</document_key>
    <order>1310</order>
    <sys_class_name>sys_variable_value</sys_class_name>
    <sys_created_by>admin</sys_created_by>
    <sys_created_on>2020-02-11 10:47:31</sys_created_on>
    <sys_id>413fbc5f73ba40107e88ef66fbf6a753</sys_id>
    <sys_mod_count>0</sys_mod_count>
    <sys_updated_by>admin</sys_updated_by>
    <sys_updated_on>2020-02-11 10:47:31</sys_updated_on>
    <value/>
    <variable display_value="">c35dc0df0a0a0ba96248a7098d737925</variable>
  </sys_variable_value>
  <sys_variable_value action="INSERT_OR_UPDATE">
    <document>wf_activity</document>
    <document_key>0d3fbc5f73ba40107e88ef66fbf6a751</document_key>
    <order>1320</order>
    <sys_class_name>sys_variable_value</sys_class_name>
    <sys_created_by>admin</sys_created_by>
    <sys_created_on>2020-02-11 10:47:31</sys_created_on>
    <sys_id>413ffc5f73ba40107e88ef66fbf6a772</sys_id>
    <sys_mod_count>0</sys_mod_count>
    <sys_updated_by>admin</sys_updated_by>
    <sys_updated_on>2020-02-11 10:47:31</sys_updated_on>
    <value/>
    <variable display_value="">4cc4a4030a0a0b52007334f001376dc5</variable>
  </sys_variable_value>
  <sys_variable_value action="INSERT_OR_UPDATE">
    <document>wf_activity</document>
    <document_key>0d3fbc5f73ba40107e88ef66fbf6a751</document_key>
    <order>1320</order>
    <sys_class_name>sys_variable_value</sys_class_name>
    <sys_created_by>admin</sys_created_by>
    <sys_created_on>2020-02-11 10:47:31</sys_created_on>
    <sys_id>053ffc5f73ba40107e88ef66fbf6a772</sys_id>
    <sys_mod_count>0</sys_mod_count>
    <sys_updated_by>admin</sys_updated_by>
    <sys_updated_on>2020-02-11 10:47:31</sys_updated_on>
    <value/>
    <variable display_value="">4cc6788c0a0a0b5200e6743c94001b16</variable>
  </sys_variable_value>
  <sys_variable_value action="INSERT_OR_UPDATE">
    <document>wf_activity</document>
    <document_key>0d3fbc5f73ba40107e88ef66fbf6a751</document_key>
    <order>1350</order>
    <sys_class_name>sys_variable_value</sys_class_name>
    <sys_created_by>admin</sys_created_by>
    <sys_created_on>2020-02-11 10:47:31</sys_created_on>
    <sys_id>4d3ffc5f73ba40107e88ef66fbf6a772</sys_id>
    <sys_mod_count>0</sys_mod_count>
    <sys_updated_by>admin</sys_updated_by>
    <sys_updated_on>2020-02-11 10:47:31</sys_updated_on>
    <value/>
    <variable display_value="">4cc740fe0a0a0b520025dcf8e2ff78e7</variable>
  </sys_variable_value>
  <sys_variable_value action="INSERT_OR_UPDATE">
    <document>wf_activity</document>
    <document_key>0d3fbc5f73ba40107e88ef66fbf6a751</document_key>
    <order>1350</order>
    <sys_class_name>sys_variable_value</sys_class_name>
    <sys_created_by>admin</sys_created_by>
    <sys_created_on>2020-02-11 10:47:31</sys_created_on>
    <sys_id>093fbc5f73ba40107e88ef66fbf6a752</sys_id>
    <sys_mod_count>0</sys_mod_count>
    <sys_updated_by>admin</sys_updated_by>
    <sys_updated_on>2020-02-11 10:47:31</sys_updated_on>
    <value/>
    <variable display_value="">4cc836da0a0a0b520083ebc07da2f47c</variable>
  </sys_variable_value>
  <sys_variable_value action="INSERT_OR_UPDATE">
    <document>wf_activity</document>
    <document_key>0d3fbc5f73ba40107e88ef66fbf6a751</document_key>
    <order>1360</order>
    <sys_class_name>sys_variable_value</sys_class_name>
    <sys_created_by>admin</sys_created_by>
    <sys_created_on>2020-02-11 10:47:31</sys_created_on>
    <sys_id>8d3ffc5f73ba40107e88ef66fbf6a771</sys_id>
    <sys_mod_count>0</sys_mod_count>
    <sys_updated_by>admin</sys_updated_by>
    <sys_updated_on>2020-02-11 10:47:31</sys_updated_on>
    <value/>
    <variable display_value="">292b2f0e0a0a0b215aa2dd2cbc578dc5</variable>
  </sys_variable_value>
  <sys_variable_value action="INSERT_OR_UPDATE">
    <document>wf_activity</document>
    <document_key>0d3fbc5f73ba40107e88ef66fbf6a751</document_key>
    <order>1360</order>
    <sys_class_name>sys_variable_value</sys_class_name>
    <sys_created_by>admin</sys_created_by>
    <sys_created_on>2020-02-11 10:47:31</sys_created_on>
    <sys_id>c53ffc5f73ba40107e88ef66fbf6a772</sys_id>
    <sys_mod_count>0</sys_mod_count>
    <sys_updated_by>admin</sys_updated_by>
    <sys_updated_on>2020-02-11 10:47:31</sys_updated_on>
    <value/>
    <variable display_value="">292c91070a0a0b212543d91ffde5014c</variable>
  </sys_variable_value>
  <sys_variable_value action="INSERT_OR_UPDATE">
    <document>wf_activity</document>
    <document_key>0d3fbc5f73ba40107e88ef66fbf6a751</document_key>
    <order>1360</order>
    <sys_class_name>sys_variable_value</sys_class_name>
    <sys_created_by>admin</sys_created_by>
    <sys_created_on>2020-02-11 10:47:31</sys_created_on>
    <sys_id>c93ffc5f73ba40107e88ef66fbf6a771</sys_id>
    <sys_mod_count>0</sys_mod_count>
    <sys_updated_by>admin</sys_updated_by>
    <sys_updated_on>2020-02-11 10:47:31</sys_updated_on>
    <value/>
    <variable display_value="">292bd15e0a0a0b215a040c701033e3c5</variable>
  </sys_variable_value>
  <sys_variable_value action="INSERT_OR_UPDATE">
    <document>wf_activity</document>
    <document_key>0d3fbc5f73ba40107e88ef66fbf6a751</document_key>
    <order>3000</order>
    <sys_class_name>sys_variable_value</sys_class_name>
    <sys_created_by>admin</sys_created_by>
    <sys_created_on>2020-02-11 10:47:31</sys_created_on>
    <sys_id>8d3fbc5f73ba40107e88ef66fbf6a752</sys_id>
    <sys_mod_count>0</sys_mod_count>
    <sys_updated_by>admin</sys_updated_by>
    <sys_updated_on>2020-02-11 10:47:31</sys_updated_on>
    <value>// Set 'answer' to the number of seconds this timer should wait&#13;
if (workflow.scratchpad.count == 0) {&#13;
    var gdt = new GlideDateTime();&#13;
    var currenttime = gdt.getNumericValue();&#13;
    gdt.setValue(current.start_time);&#13;
    var interviewtime = gdt.getNumericValue();&#13;
    var twelvehours = 43200000;&#13;
    answer = (interviewtime + twelvehours) - currenttime;&#13;
    answer = answer / 1000;&#13;
    workflow.scratchpad.count = 1;&#13;
} else if (workflow.scratchpad.count == 1) {&#13;
    answer = 86400;&#13;
    workflow.scratchpad.count = 2;&#13;
} else {&#13;
    answer = 172800;&#13;
    workflow.scratchpad.count = 3;&#13;
}</value>
    <variable display_value="">293493710a0a0b2115e3e5b4fce1d12a</variable>
  </sys_variable_value>
  <wf_condition action="INSERT_OR_UPDATE">
    <activity display_value="wait till next check">0d3fbc5f73ba40107e88ef66fbf6a751</activity>
    <condition>true</condition>
    <condition_default/>
    <condition_type>standard</condition_type>
    <else_flag>false</else_flag>
    <error>false</error>
    <event>false</event>
    <event_name/>
    <is_positive>true</is_positive>
    <name>Always</name>
    <order>0</order>
    <short_description/>
    <skip_during_generate>false</skip_during_generate>
    <sys_created_by>admin</sys_created_by>
    <sys_created_on>2020-02-11 10:47:31</sys_created_on>
    <sys_id>c13ffc5f73ba40107e88ef66fbf6a773</sys_id>
    <sys_mod_count>0</sys_mod_count>
    <sys_updated_by>admin</sys_updated_by>
    <sys_updated_on>2020-02-11 10:47:31</sys_updated_on>
  </wf_condition>
  <wf_transition action="INSERT_OR_UPDATE">
    <condition display_value="Yes">053ffc5f73ba40107e88ef66fbf6a775</condition>
    <from display_value="check to send feedback reminder">013ffc5f73ba40107e88ef66fbf6a774</from>
    <sys_created_by>admin</sys_created_by>
    <sys_created_on>2020-02-11 10:47:31</sys_created_on>
    <sys_id>013ffc5f73ba40107e88ef66fbf6a778</sys_id>
    <sys_mod_count>0</sys_mod_count>
    <sys_updated_by>admin</sys_updated_by>
    <sys_updated_on>2020-02-11 10:47:31</sys_updated_on>
    <to display_value="send feedback reminder">4d3fbc5f73ba40107e88ef66fbf6a74e</to>
  </wf_transition>
  <wf_transition action="INSERT_OR_UPDATE">
    <condition display_value="Always">c13ffc5f73ba40107e88ef66fbf6a773</condition>
    <from display_value="wait till next check">0d3fbc5f73ba40107e88ef66fbf6a751</from>
    <sys_created_by>admin</sys_created_by>
    <sys_created_on>2020-02-11 10:47:31</sys_created_on>
    <sys_id>0d3ffc5f73ba40107e88ef66fbf6a777</sys_id>
    <sys_mod_count>0</sys_mod_count>
    <sys_updated_by>admin</sys_updated_by>
    <sys_updated_on>2020-02-11 10:47:31</sys_updated_on>
    <to display_value="check to send feedback reminder">013ffc5f73ba40107e88ef66fbf6a774</to>
  </wf_transition>
  <wf_transition action="INSERT_OR_UPDATE">
    <condition display_value="Always">013fbc5f73ba40107e88ef66fbf6a750</condition>
    <from display_value="send feedback reminder">4d3fbc5f73ba40107e88ef66fbf6a74e</from>
    <sys_created_by>admin</sys_created_by>
    <sys_created_on>2020-02-11 10:47:31</sys_created_on>
    <sys_id>0d3ffc5f73ba40107e88ef66fbf6a778</sys_id>
    <sys_mod_count>0</sys_mod_count>
    <sys_updated_by>admin</sys_updated_by>
    <sys_updated_on>2020-02-11 10:47:31</sys_updated_on>
    <to display_value="wait till next check">0d3fbc5f73ba40107e88ef66fbf6a751</to>
  </wf_transition>
  <wf_transition action="INSERT_OR_UPDATE">
    <condition display_value="Always">8d3fbc5f73ba40107e88ef66fbf6a74d</condition>
    <from display_value="Begin">813fbc5f73ba40107e88ef66fbf6a74d</from>
    <sys_created_by>admin</sys_created_by>
    <sys_created_on>2020-02-11 10:47:31</sys_created_on>
    <sys_id>493ffc5f73ba40107e88ef66fbf6a778</sys_id>
    <sys_mod_count>0</sys_mod_count>
    <sys_updated_by>admin</sys_updated_by>
    <sys_updated_on>2020-02-11 10:47:31</sys_updated_on>
    <to display_value="variable declaration">c93ffc5f73ba40107e88ef66fbf6a775</to>
  </wf_transition>
  <wf_transition action="INSERT_OR_UPDATE">
    <condition display_value="No">813ffc5f73ba40107e88ef66fbf6a775</condition>
    <from display_value="check to send feedback reminder">013ffc5f73ba40107e88ef66fbf6a774</from>
    <sys_created_by>admin</sys_created_by>
    <sys_created_on>2020-02-11 10:47:31</sys_created_on>
    <sys_id>813ffc5f73ba40107e88ef66fbf6a778</sys_id>
    <sys_mod_count>0</sys_mod_count>
    <sys_updated_by>admin</sys_updated_by>
    <sys_updated_on>2020-02-11 10:47:31</sys_updated_on>
    <to display_value="End">893ffc5f73ba40107e88ef66fbf6a776</to>
  </wf_transition>
  <wf_transition action="INSERT_OR_UPDATE">
    <condition display_value="Always">413ffc5f73ba40107e88ef66fbf6a776</condition>
    <from display_value="variable declaration">c93ffc5f73ba40107e88ef66fbf6a775</from>
    <sys_created_by>admin</sys_created_by>
    <sys_created_on>2020-02-11 10:47:31</sys_created_on>
    <sys_id>853ffc5f73ba40107e88ef66fbf6a778</sys_id>
    <sys_mod_count>0</sys_mod_count>
    <sys_updated_by>admin</sys_updated_by>
    <sys_updated_on>2020-02-11 10:47:31</sys_updated_on>
    <to display_value="wait till next check">0d3fbc5f73ba40107e88ef66fbf6a751</to>
  </wf_transition>
  <wf_estimated_runtime_config action="INSERT_OR_UPDATE">
    <estimated_run_time/>
    <no_of_data_points>1</no_of_data_points>
    <percentage_threshold_ert>20</percentage_threshold_ert>
    <sys_created_by>admin</sys_created_by>
    <sys_created_on>2020-02-11 10:47:30</sys_created_on>
    <sys_id>453fbc5f73ba40107e88ef66fbf6a74b</sys_id>
    <sys_mod_count>0</sys_mod_count>
    <sys_updated_by>admin</sys_updated_by>
    <sys_updated_on>2020-02-11 10:47:30</sys_updated_on>
    <workflow_version display_value="feedback_reminder">413fbc5f73ba40107e88ef66fbf6a74b</workflow_version>
  </wf_estimated_runtime_config>
  <wf_workflow_version action="update_multiple" query="workflow=8913a947730240107e88ef66fbf6a779^sys_id!=413fbc5f73ba40107e88ef66fbf6a74b">
    <published>false</published>
  </wf_workflow_version>
</record_update>
