<?xml version="1.0" encoding="UTF-8"?>
<database>
    <element is_extendable="true" label="Interview" name="sn_hiring_feedback_interview" type="collection">
        <element label="Additional Emails" max_length="1000" name="additional_emails" type="string"/>
        <element label="Notes for Next Interviewer" max_length="4000" name="next_interviewer_notes" type="string"/>
        <element label="Previous Interviewer Notes" max_length="4000" name="previous_interviewer_notes" type="string" read_only="true"/>
        <element label="Previous Interview" max_length="1000" name="previous_interview" type="reference" reference="sn_hiring_feedback_interview"/>
        <element label="Ended" max_length="40" name="end_time" type="glide_date_time"/>
        <element label="Assessor" mandatory="true" max_length="40" name="interviewer_email" type="reference" reference="sys_user"/>
        <element attributes="edge_encryption_enabled=true" label="Invited" max_length="40" name="invited" type="boolean"/>
        <element attributes="edge_encryption_enabled=true" label="Job" max_length="32" name="job" read_only="true" reference="sn_hiring_feedback_job" type="reference"/>
        <element label="Others" max_length="1000" name="others" type="string"/>
        <element label="Fitment" max_length="1000" name="overall_comments" type="string"/>
        <element label="Others" max_length="5000" name="previous_comments_others" type="string" virtual="true"/>
        <element label="Fitment" max_length="5000" name="previous_comments_overall_comments" read_only="true" type="string" virtual="true"/>
        <element display="true" label="Round" max_length="40" name="round" type="integer"/>
        <element label="Started" max_length="40" name="start_time" type="glide_date_time"/>
        <element label="Round Status" max_length="40" name="status" default_value="pending" type="choice"/>
        <element label="Interview Type" max_length="40" name="interview_type" type="choice">
            <choice>
                <element value="level1" label="Level 1" sequence="0"/>
                <element value="level2" label="Level 2" sequence="1"/>
                <element value="level3" label="Level 3" sequence="2"/>
                <element value="level4" label="Level 4" sequence="3"/>
                <element value="telephonic" label="Telephonic" sequence="4"/>
		<element value="manager" label="Manager" sequence="5"/>
		<element value="x-bu" label="X-BU" sequence="6"/>
		<element value="x-geo" label="X-Geo" sequence="7"/>
		<element value="hr" label="HR" sequence="8"/>
	    </choice>
	</element>
        <element label="Skill1" max_length="1000" name="skill1" type="string"/>
        <element label="Skill2" max_length="1000" name="skill2" type="string"/>
        <element label="Skill3" max_length="1000" name="skill3" type="string"/>
        <element label="Skill4" max_length="1000" name="skill4" type="string"/>
        <element label="Skill5" max_length="1000" name="skill5" type="string"/>
        <element label="Skill6" max_length="1000" name="skill6" type="string"/>
        <element label="Skill7" max_length="1000" name="skill7" type="string"/>
        <element label="Skill8" max_length="1000" name="skill8" type="string"/>
        <element label="Skill9" max_length="1000" name="skill9" type="string"/>
        <element label="Skill10" max_length="1000" name="skill10" type="string"/>
        <element label="Skill1" max_length="1000" name="previous_comments_skill1" read_only="true" type="string"/>
        <element label="Skill2" max_length="1000" name="previous_comments_skill2" read_only="true" type="string"/>
        <element label="Skill3" max_length="1000" name="previous_comments_skill3" read_only="true" type="string"/>
        <element label="Skill4" max_length="1000" name="previous_comments_skill4" read_only="true" type="string"/>
        <element label="Skill5" max_length="1000" name="previous_comments_skill5" read_only="true" type="string"/>
        <element label="Skill6" max_length="1000" name="previous_comments_skill6" read_only="true" type="string"/>
        <element label="Skill7" max_length="1000" name="previous_comments_skill7" read_only="true" type="string"/>
        <element label="Skill8" max_length="1000" name="previous_comments_skill8" read_only="true" type="string"/>
        <element label="Skill9" max_length="1000" name="previous_comments_skill9" read_only="true" type="string"/>
        <element label="Skill10" max_length="1000" name="previous_comments_skill10" read_only="true" type="string"/>
        <element name="sys_class_name" type="sys_class_name" label="Class" default_value="javascript:current.getRecordClassName();" read_only="true"/>
        <index name="index">
            <element name="job"/>
        </index>
    </element>
</database>
