<?xml version="1.0" encoding="UTF-8"?>
<database>
    <element label="Job Applicants" max_length="40" name="sn_hiring_feedback_job" type="collection">
        <element label="Email" mandatory="true" max_length="100" name="candidate_email" type="email"/>
        <element label="Name" mandatory="true" max_length="100" name="candidate_name" type="string"/>
        <element label="Event" max_length="40" name="event" type="reference" reference="sn_hiring_feedback_event"/>
        <element label="Manager" mandatory="true" max_length="40" name="hiring_manager" type="reference" reference="sys_user"/>
        <element label="Team" mandatory="true" max_length="40" name="hiring_team" type="string"/>
        <element display="true" label="Job#" mandatory="true" max_length="40" name="job_req_id" type="string"/>
        <element label="Recruiter" mandatory="true" max_length="40" name="recruiter" type="reference" reference="sys_user"/>
        <element label="Company" max_length="100" name="company" type="string"/>
        <element label="Experience" max_length="40" name="experience" type="string"/>
        <element label="First Name" max_length="40" name="first_name" type="string"/>
        <element label="Last Name" max_length="40" name="last_name" type="string"/>
        <element label="Middle Name" max_length="40" name="middle_name" type="string"/>
        <element label="Latest interview" read_only="true" max_length="32" name="latest_interview" type="reference" reference="sn_hiring_feedback_interview"/>
        <element label="Mobile" max_length="40" name="mobile" type="ph_number"/>
        <element label="Latest Round" read_only="true" max_length="40" name="latest_round" type="integer"/>
        <element label="Status" read_only="true" max_length="40" name="status" default_value="in_process" type="choice"/>
        <element label="Status Summary" read_only="true" max_length="40" name="latest_status" default_value="not_scheduled" type="choice"/>
        <element label="Job Role" max_length="32" mandatory="true" name="job_role" type="reference" reference="sn_hiring_feedback_job_role"/>
        <element label="Consolidated Fitment" read_only="true" max_length="100000" name="consolidated_fitment" type="string"/>
        <element label="Consolidated Skill1" read_only="true" max_length="100000" name="consolidated_skill1" type="string"/>
        <element label="Consolidated Skill2" read_only="true" max_length="100000" name="consolidated_skill2" type="string"/>
        <element label="Consolidated Skill3" read_only="true" max_length="100000" name="consolidated_skill3" type="string"/>
        <element label="Consolidated Skill4" read_only="true" max_length="100000" name="consolidated_skill4" type="string"/>
        <element label="Consolidated Skill5" read_only="true" max_length="100000" name="consolidated_skill5" type="string"/>
        <element label="Consolidated Skill6" read_only="true" max_length="100000" name="consolidated_skill6" type="string"/>
        <element label="Consolidated Skill7" read_only="true" max_length="100000" name="consolidated_skill7" type="string"/>
        <element label="Consolidated Skill8" read_only="true" max_length="100000" name="consolidated_skill8" type="string"/>
        <element label="Consolidated Skill9" read_only="true" max_length="100000" name="consolidated_skill9" type="string"/>
        <element label="Consolidated Skill10" read_only="true" max_length="100000" name="consolidated_skill10" type="string"/>
    </element>
</database>